,Unnamed: 0,track_id,track_title,artist_name,popularity,release_date,danceability,energy,key,loudness,mode,acousticness,instrumentalness,liveness,valence,tempo,duration_ms,time_signature
0,0,1IvCDL81YXIL0suRMXTQRn,Alaman,Alblabel,1,2000,0.317,0.386,9,-13.066,1,0.97,0.436,0.163,0.782,100.796,352271,4
1,1,10uGAGbXtLtWvJSF8zw1HY,Aboi,Insaf Fathi,9,2021,0.527,0.444,11,-13.708,1,0.66,0.0,0.414,0.725,124.681,459023,4
2,2,2z0eJa29bsAsbCnAmOoIDB,Aboya wain,Ahmed Amin,6,2019,0.494,0.17,4,-20.979,0,0.7,0.0,0.0875,0.314,155.024,184258,1
3,3,0ZvvrRfqA2i6VWtpnVf63Y,Abu aaj akhoi,Alblabel,0,2000,0.322,0.63,10,-9.473,0,0.92,0.964,0.116,0.758,102.394,353687,3
4,4,0O1hL1XywDVyu9HL6mx0gF,Agacheh,Squad التالتة,12,2020,0.737,0.704,4,-7.925,0,0.31,0.0,0.106,0.737,139.985,154299,4
5,5,4QNuUfO6LyDN3qAlAsL7Dx,Agmal hiba,Mohamed Aljazar,2,2013,0.557,0.493,4,-6.125,0,0.36,0.0,0.207,0.297,109.994,176543,4
6,6,0leaCWTHvSyn69EGHQ30ug,Aktar min sana,Roaa Naeem,10,2020,0.722,0.551,11,-6.902,0,0.15,0.0001,0.0963,0.771,131.971,224351,3
7,7,2E61FGOCWolw2f4rZIbhV1,Alam alfurag,Mubarak Albana,8,2021,0.533,0.74,11,-8.757,0,0.79,0.0005,0.118,0.929,164.973,419471,4
8,8,63dxDvS86zNct8SuRu3CMF,ALbareedo,Huda Arabi,15,2020,0.526,0.309,10,-20.106,0,0.63,0.0,0.29,0.834,116.846,73091,4
9,9,1PkxR4RL0faBLAzGKPhff3,Albnreedo Tayeh,Alblabel,0,2000,0.62,0.673,0,-5.461,0,0.88,0.0026,0.0759,0.948,143.995,267599,3
10,10,3qywD1Q4UpBzp4wopoRARq,Aldahhabi,Eman Alshareef,14,2021,0.701,0.814,11,-3.225,0,0.34,0.0,0.0828,0.931,149.915,203833,4
11,11,2GWyRV9mZZpLrY7W6Ejfdu,Algallabeya,Ahmed Amin,23,2019,0.719,0.33,3,-14.613,0,0.62,0.0949,0.0858,0.66,139.896,177842,4
12,12,16tpmn5JsnDdzcb4MuRdaD,Algammoee,Eman Alshareef,17,2020,0.746,0.792,1,-4.428,1,0.17,0.0,0.0414,0.962,72.469,251664,3
13,13,3DUXxcnxR2F5ia6DaSFQMo,Alhabeeb malo ma ja,Mahmoud Abdelaziz,2,1995,0.597,0.285,11,-14.235,0,0.55,0.889,0.37,0.481,131.919,297898,3
14,14,491Nwqm67SPWW9BmruFQ9h,Alhalim sabana,Taha Suliman,3,2020,0.331,0.329,4,-19.272,1,0.68,0.0,0.783,0.753,169.52,368614,3
15,15,2YZ0NAAqGQTdYaNOgTP4sm,Aljarih jarhe barai,Ahmed Fathallah,3,2021,0.49,0.459,8,-12.321,0,0.66,0.0,0.407,0.859,85.713,147599,4
16,16,13POcqEpbaJW6JEii0w2Vj,Alseneen,Mahmoud Abdelaziz,5,2009,0.407,0.782,11,-3.62,0,0.71,0.0066,0.282,0.681,155.659,533495,4
17,17,1jvkqG8uxrHxc8WZjAnogA,Asmar gameel,Sabah Abdalla,0,2021,0.43,0.507,5,-13.776,1,0.8,0.0,0.796,0.902,146.824,339455,4
18,18,2jz0fOPzqjR7oFaV5Z5J5m,Enta almohim,Amjad Bagera,2,2020,0.603,0.654,2,-5.919,1,0.66,0.0001,0.436,0.644,107.91,432744,3
19,19,5HtWzxWdGAsOCIwQTLEUNZ,Etfadali,Mahmoud Abdelaziz,12,2006,0.619,0.632,7,-9.363,1,0.59,0.0005,0.201,0.817,177.604,328606,3
20,20,4TPN5RAHCI6KxsVuRENQxz,Ezayyakum,Gamal Farfour,4,2015,0.568,0.898,2,-5.265,0,0.67,0.0401,0.412,0.579,104.594,272405,4
21,21,0InFxhVQ4mzPCAMghPTJS8,Ommi Allah yesallimik,Gamal Farfour,1,2015,0.393,0.464,6,-9.373,1,0.85,0.0,0.126,0.587,117.171,338469,3
22,22,2ZDnPursqfXmuJfYPCf8tC,100 Bako,AlBitar,5,2020,0.787,0.675,9,-7.304,0,0.09,0.0,0.0611,0.53,162.082,278704,4
23,23,3Jcma6Ul6Tg1HyVKzkOe2U,A'abir sikkah,Abdel Gadir Salim,9,2003,0.476,0.505,2,-12.652,0,0.83,0.0,0.212,0.686,80.001,489493,4
24,24,53ZQSK8Gs37kbBsqztJ2n4,A'Abir sikkah,Abdel Gadir Salim All-Stars,4,1991,0.439,0.42,5,-13.74,1,0.85,0.0055,0.0976,0.94,176.508,436560,4
25,25,01dhPK6c7WmrqIVND3xTuH,Aadi bitahsal,Ahmed Amin,14,2019,0.766,0.272,6,-14.722,1,0.21,0.0003,0.0846,0.54,159.954,182465,4
26,26,2LtSX1w6qR0xCI8Psm98cV,Aadila ya baida,Moddathir Meshmesh,0,2014,0.43,0.766,7,-3.383,1,0.23,0.0,0.0926,0.64,138.83,368000,4
27,27,7dc7ESWtV95LrYyU0y921L,Aah min saddo,Kamal Tarbas,5,1985,0.567,0.562,11,-8.174,0,0.8,0.0001,0.122,0.876,77.561,327400,4
28,28,6nlSHDxPLF8BV2ixvA6Uws,Aamal lak eaih,Moaz Ibn Albadia,10,2020,0.411,0.434,7,-18.88,1,0.7,0.0,0.636,0.933,80.778,312581,4
29,29,3O06Evbmz8bu6yaJ3XPmVo,Aasirni ya mayyas,Mahmoud Abdelaziz,7,2002,0.709,0.763,9,-6.399,1,0.32,0.0,0.0995,0.385,113.716,479914,3
30,30,2lHu1YynKRMNNn4TAm64z8,Aatif alai ya reem,Omer Elamin,13,2018,0.624,0.783,0,-3.023,1,0.76,0.0151,0.81,0.807,134.577,326609,4
31,31,6CjrOGe6kbjoZ433YhmwR2,Aatif alai ya reem,Ammar Faransi,2,2019,0.68,0.311,9,-10.006,0,0.9,0.0001,0.136,0.79,143.564,388415,4
32,32,4ttluWEvcjsz7ZqqPtn8qP,Abait alnass,Insaf Fathi,12,2020,0.581,0.328,6,-18.862,0,0.66,0.0,0.916,0.887,112.701,235494,4
33,34,2BBEGZHv9a66ubUskhofz3,Aboi,Eman Alshareef,3,2018,0.539,0.441,0,-10.561,0,0.4,0.0,0.113,0.319,130.143,287425,4
34,35,3tcCP6cylED03tkB2nO1tN,Ador hawalk,Abdel Karim Alkabli,4,1973,0.444,0.0693,2,-20.742,1,0.72,0.0002,0.115,0.52,55.097,401760,4
35,36,4HTdOpSw5KEkBxBhkotFzE,Afia minnak wa radia annak,Omer Elamin,6,2019,0.331,0.246,0,-19.146,0,0.71,0.0001,0.168,0.78,163.662,425482,4
36,37,0GE8ZWfe1ohvn1Rf5FbxLC,Aftah albab,Rasha,11,2000,0.525,0.66,1,-9.731,1,0.33,0.0,0.0484,0.902,169.672,272192,4
37,38,0HrbaPxSYvr3TLdZYvLQGn,Afu alkhater,Makarim Bashir,15,2020,0.386,0.219,7,-23.286,1,0.68,0.0,0.596,0.812,149.24,67448,3
38,39,7olJYDp7Zup1gGaQYWc68k,Agaboni allela jo,Gamal Farfour,1,2015,0.496,0.855,7,-3.953,0,0.77,0.0779,0.575,0.893,74.082,353097,4
39,40,00EfH4456NhY3RIMpBH3yP,Agabony,Sharief Elfehail,11,2020,0.37,0.858,7,-5.338,1,0.42,0.0,0.137,0.811,122.696,274952,5
40,41,0v3zcbibtvJsIBnd77EZpr,Aghani banat,Oum Dermam Stars,22,2017,0.574,0.759,3,-4.776,0,0.39,0.0,0.0396,0.516,144.799,208011,4
41,42,5abMldBuYHjDU9CqFn3zm5,Agla min aini,Abdel Karim Alkabli,13,1973,0.591,0.399,2,-11.779,0,0.6,0.0,0.302,0.738,146.166,320333,4
42,43,4MMLMgGJ52m2qaWrEZeg9U,Agool Ansak,Alblabel,1,2000,0.281,0.791,2,-3.86,1,0.82,0.651,0.798,0.962,80.273,74687,4
43,44,7dw1dP5MW8djBHraXS2qQO,Agro leha ya alfugara,Talal Alsatta,20,2015,0.791,0.645,7,-8.506,1,0.67,0.0,0.164,0.929,144.109,168176,4
44,45,7KMNXfJXqnMhub2P9M9HMM,Aguis mahasnik biman,Rasha,17,1997,0.652,0.138,9,-16.05,1,0.86,0.0,0.104,0.63,146.0,202355,4
45,46,739RHFG0G5bNut8bo0HcIa,Ah ya zaman,Asha Algabal,6,2021,0.613,0.697,0,-10.202,0,0.83,0.0,0.505,0.905,153.137,256575,3
46,47,5RAn1bHOuvsrFWSp8imdGh,Ahla eyoon,Abdel Aziz El Mubarak,16,1999,0.588,0.727,9,-8.612,0,0.27,0.0094,0.0678,0.946,80.54,404067,4
47,48,2iQ5MCY5yVxjhvtiffvlD2,Ahla garah,Abdel Aziz El Mubarak,6,1999,0.61,0.813,9,-8.534,0,0.19,0.0014,0.0689,0.934,115.323,358373,4
48,49,2WoPU3AqIpUUrXz5PRIYiD,Ajayeb Aldunya,Talal Alsatta,10,2019,0.783,0.508,10,-8.788,1,0.89,0.0,0.192,0.855,123.066,206080,3
49,50,05gJdGd9c8PixUj8xzGrGP,Ajmal alyam,Kamal Keila,13,2018,0.54,0.705,9,-7.14,0,0.68,0.0476,0.18,0.43,116.249,390000,4
50,51,6b8RsD8tCZrPM5dVFsoTfS,Akeed,Abdel Karim Alkabli,4,2006,0.446,0.537,4,-11.048,0,0.01,0.252,0.109,0.689,125.684,718000,4
51,52,3WtrYsXF3yXA6SpVVBs1NA,Akeed Bfreg,Taha Suliman,2,2021,0.404,0.189,3,-8.931,0,0.92,0.0,0.212,0.251,104.962,221074,3
52,53,21b6RrNygirGix6iKLpjeP,Akhut allom ala nafsi,Salah Alamin,2,2020,0.303,0.265,10,-21.504,1,0.71,0.0,0.375,0.858,158.19,476317,3
53,54,3Q9APRmymGTVjTA50roV9V,Aktobi lai,WD Alzain,8,2021,0.78,0.491,9,-8.913,0,0.29,0.0,0.327,0.965,136.034,240065,4
54,55,1ytSBqKbi5gSyyv8WEBgJh,Aktubi layya,Mahmoud Abdelaziz,9,2002,0.496,0.455,10,-16.286,0,0.05,0.0018,0.319,0.577,138.904,404638,4
55,56,2DNOxLoTe6gD5Sjzow20QY,Al ajako,Amira Mahmoud Mohammadein,0,2014,0.46,0.76,6,-7.926,0,0.08,0.0,0.0985,0.901,172.263,250000,3
56,57,38tuJECMzicYOgIgRbWDYu,Al asafir,Kamal Keila,34,2017,0.684,0.75,6,-5.278,0,0.77,0.0055,0.119,0.959,109.769,320000,4
57,58,7JTBHeg0ezuzjs9SqMzKs5,Al asal al naghat,Sharief Elfehail,15,2020,0.627,0.558,10,-6.27,1,0.79,0.0,0.197,0.906,79.58,234710,4
58,59,0XesJxEpKhkLaCqR1WmAWv,Al bambi,Sharhabil Ahmed,23,2020,0.431,0.666,7,-6.399,1,0.72,0.0009,0.0815,0.964,84.5,325118,4
59,60,5Nfg56gqWMIkfwPwyCSdHU,Al bareedo ana,Emad Youssef,13,2018,0.638,0.815,1,-9.008,1,0.59,0.0,0.0599,0.874,125.133,402470,4
60,61,6ulpdBbOqXMRZcAz3CFWGf,Al Hassan,Abdel Karim Alkabli,5,2000,0.786,0.443,10,-6.997,1,0.18,0.0,0.0829,0.902,126.104,350240,4
61,62,7aNSzOMZ97ZfYJRCnmxvqp,Al kawkab alfiddhi,Abdel Aziz El Mubarak,1,1989,0.395,0.517,9,-10.507,0,0.4,0.0001,0.983,0.747,111.406,542667,4
62,63,2hmstsNRhz6izCcsHABu4l,Al Khourtom,Abdel Karim Alkabli,14,2006,0.551,0.564,7,-6.978,1,0.13,0.0002,0.162,0.646,122.165,549653,4
63,64,30QMkmrxQGVuTtPqPOFihu,Al Mursal,Mohammed Wardi,23,2018,0.538,0.552,0,-8.056,0,0.28,0.0028,0.0769,0.859,135.847,695016,4
64,65,6ukgQ3HTdZ0wuYkJtkFAy1,Al sourah,Mohammed Wardi,6,2018,0.437,0.683,0,-6.018,1,0.58,0.0014,0.121,0.745,114.069,543976,4
65,66,4alBNzj4NvRAVShtRarlNi,Al welaid aldaif,Mustafa Modawi & Ibrahim El Hassan,6,2018,0.464,0.934,7,-6.251,1,0.09,0.552,0.0779,0.71,180.027,467262,3
66,67,7KIWHHJTXhlwKFpD5mBpn7,Al zaman zamanak,Abdullah Abdelkader,5,2018,0.47,0.848,9,-6.019,0,0.67,0.0606,0.607,0.433,90.517,371376,3
67,68,6Rqdq43e1n1pUtcTanEnBG,Ala alhabsha,Monzer Ramadan,10,2022,0.86,0.716,7,-12.369,0,0.39,0.0,0.249,0.468,134.988,221231,3
68,69,0zAio3KMmatG7lEkEWmu3F,Alagab,Mahmoud Abdulaziz,13,1997,0.506,0.469,0,-15.096,0,0.16,0.638,0.0966,0.736,159.679,329064,3
69,70,1nQT2KbEl7jVVdAr53ZYIX,Alahyaf,Mahmoud Abdelaziz,6,1999,0.669,0.368,0,-9.823,0,0.81,0.0004,0.331,0.68,121.066,554711,3
70,71,0KN5mKM165iVGprRzbC3MF,Alakhdar abu tageya,Asha Algabal,20,2021,0.63,0.726,10,-7.205,1,0.19,0.0006,0.0797,0.917,85.001,257698,4
71,72,5lxWQbG86AxuNyiHPoNM3k,Alamy wa shagiya,Hanan Bulu Bulu,6,2018,0.23,0.667,2,-6.692,1,0.05,0.0011,0.125,0.866,158.915,211696,3
72,73,5ng9w1owdQwxL3MzdoHDci,Alarees,Taha Suliman,14,2020,0.466,0.783,1,-3.255,1,0.78,0.0,0.117,0.94,78.461,175295,4
73,74,5od96y94bq5xRe3VkZqvm2,Alaziza,Abdelmonem Abu Sam,4,2020,0.64,0.557,1,-10.505,0,0.47,0.0001,0.0362,0.662,145.229,231784,4
74,75,1pjWdRef874XzYGm27LPcu,Albabalh nawwar,Insaf Fathi,5,2020,0.592,0.855,4,-3.026,1,0.36,0.0,0.0872,0.84,160.003,231915,5
75,76,0BhBEqbhn7jX1Fw0eCbsU7,Albahr rayig,Wad Almzad,4,2020,0.78,0.505,1,-8.064,1,0.23,0.0,0.0872,0.523,171.985,224128,4
76,77,2ZJwBePKj0jMzybRKRqCUX,Albanat azooni,Mohamed Bashir,11,2018,0.642,0.632,9,-6.992,0,0.78,0.0,0.197,0.735,156.072,224639,4
77,78,3wVfDbi13K9jeDBM2vFMnP,Albarda laina,Roaa Naeem,12,2020,0.777,0.518,0,-9.067,1,0.31,0.0,0.123,0.876,120.017,218351,4
78,79,2nyZSqZSXs0WoURX1XCaTP,Albeban gosad baad,Mohamed Bashir,8,2021,0.772,0.85,7,-2.904,1,0.22,0.0,0.563,0.94,149.984,165982,3
79,80,6FTy2B5EyDtsKCPGgL0C57,Albenayya samha,Eman Alshareef,14,2019,0.84,0.516,9,-5.669,1,0.26,0.0,0.112,0.948,145.053,226011,4
80,81,2nTZKHzItYxCafByERq7a2,Albit alhadeega,Mostafa Sid Ahmed,13,1996,0.68,0.321,6,-15.091,0,0.77,0.0,0.509,0.872,109.497,311040,4
81,84,63gR3I0ZwCVu6ZFpRnHjCx,Alfat zaman,Mahmoud Abdelaziz,11,2000,0.553,0.838,5,-1.464,0,0.84,0.0021,0.267,0.725,91.835,775258,4
82,85,7DNqrHI19k9hYW7InQlCIH,Alfatin alwaseem,Mamoun SwarAldahab,9,2020,0.443,0.7,5,-4.729,1,0.8,0.0009,0.492,0.774,134.706,308976,3
83,86,3m22X3F4ZQVlRg5L1HkvYd,Alfatin alwasim,Omer Elamin,8,2017,0.417,0.565,3,-8.98,1,0.9,0.0,0.283,0.594,112.508,311354,3
84,87,38tLTd0ufDfZAeMRbEnKIy,Algabana,Asha Algabal,17,2022,0.734,0.584,0,-6.595,1,0.03,0.0001,0.0789,0.964,158.168,222877,4
85,88,3YgcMDjqbToburuhm75mFg,Algabana tantina,Abdalla Altayeb,21,2019,0.761,0.904,6,-0.462,0,0.09,0.0,0.183,0.972,81.973,224705,1
86,89,1DLDyu9d1vWfFUOo9yomB0,Algalb albe’tu,Afrah Esam,16,2012,0.626,0.657,4,-7.882,1,0.49,0.0,0.295,0.842,159.922,286007,4
87,91,4DPLka2ZhnPdHzzci7vX1n,Algamar boba,Gamal Farfour,3,2021,0.493,0.53,5,-9.479,1,0.83,0.0,0.507,0.747,153.801,528503,4
88,93,1wWXbR7sa48gtRIurDwlyt,Algatar algadeed,Mohamed Bashir,13,2020,0.706,0.691,9,-5.637,1,0.28,0.0,0.0707,0.969,82.445,288095,4
89,94,6gRnfiPY5jmBUjSJ1LYgKU,Algedai,Mohamed Bashir,17,2017,0.796,0.663,9,-8.317,1,0.22,0.0,0.0546,0.963,79.944,396479,4
90,95,7czrAxqbFUiEkNNS8em3J1,Alghalat fi mino,Eman Alshareef,16,2022,0.822,0.726,10,-4.689,0,0.63,0.0,0.0611,0.944,124.549,240144,3
91,96,03t5WU5c4OURqkrv7uXexR,Alginan fil dunya,Asim Albanna,2,2020,0.284,0.373,2,-20.821,1,0.65,0.0,0.845,0.793,143.242,310256,3
92,97,2K9R257EJNa29HBTr1wLo3,Alhabeeb wain?,Ibrahim El Kashif,6,2018,0.255,0.567,4,-7.625,1,0.0,0.86,0.165,0.567,187.92,115950,4
93,98,0TJRvYvEjyq92TvPXT7zDF,Alhagarok alayya,Insaf Fathi,3,2020,0.603,0.8,3,-4.33,1,0.68,0.0,0.123,0.94,145.118,368509,3
94,99,57QjyPRUSKfq2ORZqaxc1S,Alhagi,Abdel Gadir Salim All-Stars,2,1991,0.469,0.479,2,-14.359,1,0.87,0.0668,0.116,0.965,174.298,512400,4
95,100,6oUrb3CLOhjIq8m9EmBfqC,Alhaqeqa,WD Alzain,5,2019,0.851,0.612,9,-6.146,0,0.53,0.0,0.0773,0.716,119.958,238000,4
96,101,4FKzwW47kdLXDgSyerstJG,Alhawakum aza,Huda Arabi,1,2017,0.504,0.625,4,-9.477,0,0.85,0.0,0.333,0.896,136.431,332663,3
97,102,5L4wceUEUGVXkOqHHUVVPL,Alhaz darab,Taha Suliman,15,2018,0.587,0.538,10,-15.199,1,0.8,0.115,0.0296,0.97,156.682,288167,3
98,103,1kmcLB5bjyj5XZoJCK3wdk,Alhelyewoon,Eman Alshareef,13,2022,0.744,0.62,10,-6.581,1,0.42,0.0,0.0474,0.872,140.888,290273,3
99,104,2Uao5I0gb4kvTokFdq8IOH,Alhigil belrigil,Mahmoud Abdelaziz,8,1999,0.691,0.519,9,-7.483,0,0.9,0.0152,0.102,0.77,123.787,336959,3
100,105,57iWVifqDfOyyiRgtgCfAB,Alhilm algameel,Mahmoud Abdelaziz,2,2000,0.277,0.848,2,-2.334,1,0.85,0.0002,0.0819,0.596,80.847,347182,3
101,106,6zBtsqfHqL9AoHUh2ZmtLz,Alhob altaher,Ahmed Aljigir,0,2019,0.645,0.653,9,-9.249,1,0.82,0.0244,0.251,0.744,127.561,413567,3
102,107,2dk6Vc63X7nhHBdFfK12Qa,Alhob ghallab,Cheb Diaa,15,2021,0.658,0.472,11,-8.108,0,0.08,0.0,0.101,0.819,131.973,249623,3
103,108,4Mqiut95E3p232OapUrZ9I,Alhuzn alnabeel,Mostafa Sid Ahmed,19,1992,0.569,0.334,0,-14.775,1,0.65,0.0,0.0622,0.685,83.523,688327,4
104,109,2MsFiBv3Z0IFJ6ctxxlT8C,Ali,Setona,0,1997,0.532,0.596,7,-9.436,1,0.12,0.417,0.0687,0.916,166.162,281800,3
105,110,5Ih1KwIkMN26tX3bkTCl5o,Aljarida,Muhamed El Amin,2,1996,0.586,0.0964,5,-22.955,1,0.71,0.0,0.0975,0.678,128.061,586853,4
106,111,6mdNHnWaXsL8U9uON4KqmI,Alkoddair ana,Yousif Albarbary,4,2017,0.505,0.912,5,-3.851,1,0.54,0.0003,0.0625,0.813,162.894,192105,4
107,112,4D923Zr75OKcLk509U64d2,Alla laik ya enayya,Asha Algabal,6,2021,0.619,0.875,10,-4.59,0,0.28,0.0,0.301,0.884,148.294,360935,3
108,113,129rdh3vxBrDD8AcWYLfgk,Alla maak,Mohamed Aljazar,0,2010,0.878,0.691,7,-7.714,1,0.24,0.0,0.153,0.96,134.895,249455,3
109,114,18AjihnDw0jbpfukqyZa8Q,Allel,Insaf Fathi,7,2020,0.402,0.265,10,-21.48,1,0.62,0.0,0.3,0.845,136.601,372193,3
110,115,2SeSqFTf1YRovamxvgpS1o,Allela bellail,Shoukrallah Ezz Eldin,43,2020,0.642,0.521,6,-9.914,0,0.34,0.0,0.0558,0.855,164.072,203314,4
111,116,1fc8p7ekYSgODEGfpqwloQ,Allela dob,Taha Suliman,15,2020,0.644,0.938,11,-4.03,1,0.76,0.0023,0.464,0.967,119.793,225743,4
112,117,0akbaM7kdWE1woQqOnNKF6,Allela Lageto,WD Alzain,15,2021,0.713,0.319,3,-13.864,0,0.68,0.0009,0.115,0.503,129.937,228923,4
113,118,6aC86wTcygqSwh8f9XVd4O,Allela lageto,Gamal Farfour,10,2015,0.644,0.535,6,-12.826,0,0.51,0.0065,0.386,0.944,80.948,330632,4
114,120,5hCSG1IaU4NIRAyrr320iv,Allela mosafer,Omer Elamin,21,2020,0.602,0.897,1,-6.163,1,0.23,0.0,0.372,0.736,165.91,228989,4
115,121,03j29WYQeVWlQlaw3rdLk3,Allela mosafer,Abdelaziz Algalaa,7,2020,0.461,0.334,7,-18.795,1,0.78,0.0,0.907,0.937,88.019,272640,4
116,122,1VZj3waC8n07vooJZ25AIi,Allela sar adeela laik,Salah Ibn Albadia,2,2015,0.381,0.602,0,-5.52,1,0.66,0.0,0.599,0.766,76.134,476656,4
117,123,67OnZp1nugGk5IzzwrTUO5,Allela yom alhana,Waleed Juba,9,2020,0.243,0.415,4,-18.0,0,0.77,0.0,0.623,0.808,66.555,312085,4
118,124,6OB28vu3zLai2S7pVSJ4yz,Allemoni,Abdel Gadir Salim,1,2003,0.34,0.505,11,-11.214,0,0.87,0.0,0.14,0.801,182.545,294133,3
119,125,4tQ1y3oOPTcKAsaq6VZQVs,Almambo alsudani,Sayed Khalifa,2,2015,0.455,0.5,6,-11.257,1,0.91,0.0,0.336,0.85,92.18,220823,4
120,126,6wlqUqdy00cMkKNmiDv75l,Almaryod shwya shwya,Gamal Farfour,9,2015,0.648,0.902,2,-4.966,0,0.32,0.0005,0.227,0.889,72.094,190903,3
121,127,2Ku6cAgSE95IGM2PJiLMr2,Almaryood,Abdel Gadir Salim All-Stars,10,1991,0.493,0.0347,5,-25.644,1,0.97,0.216,0.119,0.826,163.548,291040,3
122,128,0Jt4DcjHzAJfqfJNHWLEyK,Almehaira,Taha Suliman,4,2020,0.562,0.742,9,-6.529,1,0.39,0.0001,0.0571,0.773,119.599,438743,3
123,129,3DE6ge8Tks5d3TWsz2bjwc,Almogran fil sabah,Asim Albanna,3,2020,0.334,0.235,4,-22.71,0,0.74,0.0001,0.678,0.71,112.62,492748,4
124,130,6cFMrdA26Dw2Lb2WgP42L1,Almoshallakh,Mujahid Osman,12,2018,0.62,0.775,0,-5.998,1,0.22,0.0,0.132,0.961,135.023,240887,3
125,131,5JojOl43G6RfhcZGBpYbZP,alnas betloom,Huda Arabi,8,2020,0.584,0.209,11,-22.17,0,0.75,0.0,0.814,0.721,125.548,396774,3
126,132,3BFUnq1SnzT74wiQmHCmX4,Alnasma albetahrig shog,Hussein Alsadig,7,2017,0.556,0.556,10,-13.496,1,0.78,0.0,0.147,0.874,141.354,424079,4
127,133,41V2tMmAAbcp2hPMxujFMR,Alneel wa algamar,Insaf Fathi,11,2020,0.532,0.257,9,-22.022,1,0.64,0.0,0.466,0.962,153.46,335177,4
128,135,27cmSmy1Z8vv962wccoFtD,Alozzal,Abdalla Altayeb,7,2019,0.655,0.669,8,-6.697,0,0.25,0.0,0.0702,0.963,156.871,185339,4
129,136,2dZNs03Iotvz9YRLBZ3dj9,Alqadim agmal,Ahmed Amin,10,2019,0.814,0.385,5,-12.689,1,0.47,0.0117,0.114,0.816,138.001,292337,1
130,137,40h2wo9RnGZRofnnLxVEx8,Alsa’a 10 wa nos,Taha Suliman,5,2020,0.47,0.521,2,-7.078,0,0.4,0.0,0.159,0.895,140.83,341015,3
131,138,6S5W2rq2vGctE1Cx2jzBet,Alsada allimini,Abdalla Kunna,1,2020,0.344,0.34,4,-20.564,0,0.51,0.0,0.421,0.728,140.226,249156,3
132,139,1PwDrUUDtxyQ1sCWRZjzPM,Alsafar,Mahmoud Abdelaziz,8,1996,0.762,0.699,8,-0.907,0,0.82,0.0006,0.112,0.951,106.527,294262,4
133,140,4OBGw0Uc43w2VdicWNxAJV,Alsaid said alkhala,Roaa Naeem,7,2021,0.475,0.725,4,-11.66,0,0.56,0.0129,0.204,0.832,85.464,313151,4
134,141,22cnaTefQm1zyvpuZHjRky,Alsalah,Talal Alsatta,12,2017,0.692,0.358,7,-14.287,1,0.8,0.0006,0.0984,0.863,132.751,452075,4
135,142,2Bls42BuLw4Ws7J0SJJvmW,Alsaweto ana,Mohamed Aljazar,1,2010,0.778,0.728,11,-4.493,0,0.03,0.0,0.296,0.71,112.463,265703,3
136,143,1d5998Dnd8pHPMwvYXKUZG,Alshaghleen foaadi,Nojoud Ajab,8,2020,0.315,0.21,2,-21.808,1,0.67,0.0,0.362,0.752,138.95,261799,3
137,144,1dqy87VNn1YAhROO5kcokz,Alshahid Gamar,Abdel Karim Alkabli,5,2009,0.438,0.499,0,-11.696,1,0.8,0.0222,0.184,0.788,110.643,574227,4
138,145,6PlReH68jq04ClTcYjSRuo,Alshama,Mohamed Bashir,8,2018,0.806,0.765,6,-5.092,0,0.27,0.0,0.101,0.838,158.974,212135,3
139,146,3POGzmYtclX2ctIk2VHnoZ,Alshog llbalad,Mohamed Alnasri,6,2018,0.546,0.38,4,-12.94,1,0.89,0.0486,0.108,0.88,74.908,342100,4
140,147,4CtJyf7OPXkbcd8ZL6IfWQ,Alshog wa arraid,Mahmoud Abdelaziz,9,2005,0.607,0.724,9,-1.487,0,0.85,0.0231,0.112,0.539,105.905,525634,5
141,148,1FyCNUnNR75gp7RsIOOHgs,Altaganni,Makarim Bashir,2,2020,0.246,0.246,3,-20.089,1,0.58,0.0,0.29,0.554,176.504,337894,3
142,149,7yHi9h6Lo0JVKPUjf8R62S,Alwadauo ertahalu,Mahmoud Abdelaziz,14,2016,0.252,0.691,7,-11.282,0,0.37,0.0005,0.318,0.501,68.22,517714,4
143,150,5bnka3L8DbyBRruEkGn0nk,Alwaseyya,Makarim Bashir,11,2020,0.417,0.343,2,-19.229,1,0.7,0.0,0.44,0.843,81.075,443115,4
144,151,2szadfitbCcFhQivaRXhxl,Alwezzena oumi,Ahmed Aljigir,2,2019,0.435,0.673,7,-10.201,1,0.82,0.0001,0.341,0.808,76.589,232031,4
145,152,3ameLl3utfiWBcqyosUdwk,Alzohor basamat laina,Insaf Fathi,4,2020,0.568,0.25,9,-21.763,1,0.65,0.0,0.785,0.856,107.842,311798,4
146,153,0nX9b2TVFMKrGUaT7NdguA,Alzol alagibna,Mohamed Aljazar,14,2018,0.349,0.747,9,-6.752,1,0.68,0.0,0.844,0.954,78.139,145487,4
147,154,36wWE8qdGVjJlpJdC7hnEX,Amani,Mohamed Alnasri,5,2015,0.549,0.499,9,-10.693,0,0.74,0.0114,0.16,0.964,78.341,427860,4
148,155,6map1Rx4OUkEjQ8aJdhPWu,Amel,Nancy Ajaj,7,2021,0.345,0.322,0,-16.045,1,0.94,0.207,0.0931,0.484,169.101,406487,4
149,156,5gO1Q0fibeI3x8YEel2K0a,Amshy shoof,Abu Obaida Hassan,3,2018,0.588,0.577,2,-13.847,1,0.73,0.022,0.0937,0.327,87.222,302283,4
150,157,7MexWyu4OC4x1FQADfZbMe,Ana Aisha algabaleya,Asha Algabal,14,2021,0.388,0.634,0,-8.446,1,0.33,0.0,0.565,0.778,167.753,446639,3
151,158,5UZN8p6ahafSjXF41BaSCf,Ana bashbahak,Gamal Musbah,14,2021,0.454,0.522,0,-5.648,1,0.79,0.0,0.118,0.712,153.913,68447,3
152,159,4vjCvGyXVO1XX3hO7T3LU3,Ana bek saadti moakada,Omer Elamin,3,2017,0.405,0.536,3,-8.777,1,0.87,0.0001,0.285,0.649,84.754,350119,4
153,160,2Kho6kxkz2QUxQLGQ9wIEY,Ana fil tamanni,Omer Elamin,4,2017,0.489,0.797,8,-6.479,1,0.75,0.0004,0.714,0.666,86.237,395781,4
154,161,7lnjUb4zKabMPP4jmnksGC,Ana ghairak ma habbet,Mamoun SwarAldahab,7,2017,0.358,0.889,2,-5.483,1,0.64,0.0294,0.314,0.879,151.259,449951,3
155,162,6c9FoPnUJtTx4d8GsXpZGr,Ana lai sahba,Hiba Jabra,5,2020,0.397,0.849,10,-7.279,1,0.13,0.0001,0.314,0.747,167.785,564088,3
156,163,2AU39oaeWvkGySkHDMFkiN,Ana laihom bagool kalam,Gamal Farfour,5,2015,0.523,0.872,5,-3.476,1,0.27,0.0,0.423,0.868,80.515,354900,4
157,164,7BLgqZ1EQ314ssmhulEW12,Ana ma maakom,Wad Almzad,12,2020,0.771,0.746,5,-6.253,0,0.02,0.0,0.118,0.637,159.995,270375,4
158,165,1lvQe8EL4c5EQ7zWqKFfCe,Ana Mali,Abdel Karim Alkabli,4,2006,0.648,0.586,7,-9.346,1,0.14,0.0029,0.0493,0.962,90.036,390427,4
159,166,0sCsA6H8rqhuucxa1uZZwR,Ana mali wa malo,Makarim Bashir,4,2021,0.432,0.511,8,-10.988,0,0.48,0.0,0.477,0.788,137.931,285336,3
160,167,30g9kagrPy0baft3h6BBaF,Ana rasim fi galbi,Huda Arabi,11,2020,0.354,0.298,0,-21.363,1,0.63,0.0,0.847,0.959,152.197,153391,3
161,168,0RYeaZ7DHyv6LvVez7Cp6S,Ana zol aadi,Ahmed Amin,10,2019,0.629,0.332,2,-10.847,1,0.43,0.0,0.0743,0.854,175.914,139798,4
162,169,0CAtIBeWQYAkPbrtX6A4kH,Andreya,Nancy Ajaj,13,2021,0.427,0.136,5,-20.747,1,0.96,0.011,0.0983,0.702,123.623,417335,4
163,170,3TosvXBW7zPlflPogA1dBV,Argos farfish,Sharhabil Ahmed,37,2020,0.682,0.894,9,-5.084,1,0.76,0.251,0.107,0.977,81.964,278000,4
164,171,6uONXt5eiCRxTx0DJvPO1Z,Arraid arraid ya ahal,Majzoub Ounsa,7,2018,0.474,0.721,0,-6.99,0,0.11,0.918,0.361,0.694,156.258,289602,4
165,172,2wHWHVH06LHbnvpHABJqYX,Asal algibal,Eman Alshareef,20,2021,0.835,0.536,4,-7.631,0,0.44,0.0,0.0599,0.929,135.003,263184,4
166,173,3fghqh7A49FmvbnCCUr3WM,Asal belqishta,Asha Algabal,15,2021,0.536,0.547,1,-11.752,1,0.8,0.0,0.0406,0.93,111.916,405682,4
167,174,47hmex8mpCoV3AYXuqksdK,Asela laisat llegaba,Mostafa Sid Ahmed,12,1992,0.493,0.425,0,-15.371,1,0.05,0.0001,0.279,0.617,94.652,527726,4
168,175,2YqvOosxtv2VajuJRlzBIt,Ashan breedak,Kamal Tarbas,10,1985,0.497,0.52,4,-6.057,0,0.78,0.0002,0.0531,0.833,137.802,609880,3
169,176,7nVR9VLeDu4h77dvhXYnt1,Ashekh Seyaroh,Rasha,5,1997,0.475,0.306,11,-13.356,1,0.58,0.0,0.247,0.971,68.393,320850,4
170,177,5ELIWwXcxAPM9kGhM2Mw0d,Ashku laik ya rabbi,Omer Elamin,4,2016,0.514,0.375,5,-10.077,0,0.74,0.129,0.621,0.619,101.231,179984,4
171,178,3PXysVfrNktisOEjEbhinh,Asiya Addam'ee,Abdel Karim Alkabli,4,2000,0.497,0.376,7,-10.092,1,0.7,0.047,0.0724,0.457,116.398,1223333,4
172,179,6KSl63jjaW47aU0qXRy4lh,Asmar,Abd al Hafiz Karar,1,1999,0.612,0.128,0,-29.394,1,0.87,0.428,0.0842,0.898,167.119,334573,4
173,180,5ko0bQWi6x2I8hbH9r84xo,Asmar gameel,Mohamed Aljazar,10,2013,0.667,0.803,5,-4.032,0,0.41,0.0,0.304,0.974,149.909,233735,4
174,181,2SMh5H9Aq5EA2PfeOICfLw,Asmari,Gamal Musbah,19,2019,0.683,0.632,3,-6.791,1,0.81,0.0,0.0967,0.848,75.075,228859,4
175,182,27qCY5Dp3GFxUzvwkMvs6h,Asyad allwari,Roaa Naeem,29,2020,0.724,0.467,2,-15.123,0,0.57,0.0,0.0989,0.978,144.004,198113,4
176,183,4hUBR3gohtKgGh67xCRWVl,Awsaf habeebak,Talal Alsatta,12,2021,0.726,0.47,11,-9.606,1,0.52,0.0,0.16,0.695,101.999,398054,3
177,185,4LLk5dgPLxCYEJ35sns0n7,Ayam safana,Mahmoud Abdelaziz,6,1996,0.381,0.603,8,-5.112,1,0.88,0.0087,0.141,0.613,201.456,460631,4
178,186,3eSJx6iFbm8bwlXw5aezz9,Ayam wafana,Abdel Karim Alkabli,7,2006,0.469,0.724,7,-5.843,1,0.19,0.0094,0.0674,0.806,101.417,408267,1
179,187,3WgAzVZ8A7CNm1IeyzARIE,Ayamna,Abdalla Kunna,3,2020,0.344,0.389,11,-19.323,0,0.71,0.0025,0.377,0.708,160.402,360307,4
180,189,2bUEt4DCNb6idQ84isIpo3,Azara alhai,Rasha,33,1997,0.719,0.427,0,-10.358,0,0.7,0.0009,0.137,0.754,77.991,387903,4
181,190,2474oRTY3i8hhr0pC5YFp2,Azara alhay,Abdul Aziz Mohammed Daoud,1,2018,0.569,0.595,5,-10.799,1,0.8,0.0031,0.109,0.881,92.766,537240,4
182,191,14ITefxnPjlG4TTkIDtmyO,Azkurini ya hamama,Gamal Farfour,11,2015,0.625,0.519,5,-7.966,0,0.93,0.0001,0.333,0.669,112.169,418727,3
183,192,7CJ1YDmgQ2HwX6KQuxEGWA,Azza,Moddathir Meshmesh,0,2014,0.463,0.816,10,-2.824,1,0.4,0.0,0.41,0.879,110.283,462200,4
184,193,5HomuaeeRsJu3Una8g9HbO,Azzinik erifti,Mostafa Sid Ahmed,14,1992,0.423,0.34,7,-14.395,1,0.29,0.0002,0.105,0.836,203.764,463700,3
185,194,0HepkPWaV82oZSHbn6u5iv,Baad algheyab,Mahmoud Abdelaziz,8,2007,0.513,0.363,10,-14.478,0,0.77,0.0088,0.133,0.655,85.483,702647,4
186,195,4xZrkeISkfW7RWnyVxrFea,Babadelom berraid bebadluni be azeya,Hiba Jabra,7,2020,0.429,0.865,0,-6.862,0,0.19,0.0,0.204,0.799,112.036,582661,4
187,196,6E2M1StqSxuWkoz82b2NC9,Badr albudur,Ahmed Amin,18,2019,0.696,0.461,5,-13.14,1,0.27,0.0,0.125,0.726,173.037,187399,4
188,197,3XJfz66MdBxnoK03kibkec,Badr assama,Malaz Ghazi,3,2020,0.374,0.269,11,-22.101,1,0.77,0.0,0.37,0.777,141.791,323239,3
189,198,7j1wEpbQtwtWU6tXm1V6un,Badur Musa,Hiba Jabra,6,2020,0.53,0.865,6,-6.772,1,0.3,0.0549,0.0902,0.914,159.917,261068,4
190,199,1KsalFyUvNdZbdJTljOQfh,Bafrah beha,Mahmoud Abdelaziz,11,2002,0.518,0.719,5,-1.076,1,0.49,0.0001,0.227,0.612,161.388,527650,4
191,200,63GoszRDFFqaMAOhdRdr0U,Bahisik,Mahmoud Abdelaziz,17,2016,0.446,0.666,10,-6.241,1,0.87,0.0038,0.852,0.848,173.947,325474,4
192,201,74sB0crt4VFL2FRwgs7zP1,Bahjat omri,Huda Arabi,12,2020,0.652,0.24,2,-20.81,1,0.73,0.0,0.426,0.967,118.886,203781,4
193,202,0IFsZy3bdQhne09xHzXEu8,Bahsim alfawda,Talal Alsatta,12,2017,0.807,0.868,6,-6.641,0,0.74,0.0,0.131,0.95,142.442,342152,3
194,204,2UCDDk91aX3OJICkQAeVWN,Bain alyaqiza wa alahlam,Alblabel,1,2000,0.361,0.6,0,-3.388,1,0.8,0.0003,0.26,0.47,151.456,439223,4
195,205,0gAanrNNgugF8sjbhrbB1L,Baitna nawwar,Waleed Juba,7,2020,0.356,0.291,7,-22.433,1,0.69,0.0001,0.353,0.882,110.389,395912,3
196,206,6aMh4vokVOeCX2t2dYFxmV,Baket albakani,Asha Algabal,22,2020,0.731,0.769,0,-5.293,1,0.41,0.0,0.218,0.866,79.925,140957,4
197,207,2e4jXgjYRSe64HWrsAn98A,Balad Alsamahat,Kabli,1,2009,0.725,0.511,2,-9.675,1,0.35,0.0,0.0392,0.825,118.018,503627,4
198,208,6C7YAXTBvuSJE5M2n9nN05,Baladi,Mohamed Alnasri,4,2018,0.552,0.666,9,-4.561,1,0.82,0.0418,0.0972,0.961,70.261,785231,4
199,209,1jUCToHjMRrC0Qo0ZKpF0x,Banat alhoor,Mahmoud Abdelaziz,5,2013,0.552,0.915,10,-0.032,1,0.14,0.199,0.395,0.927,157.845,356614,4
200,210,4iHOJ2y4SVL7MCefC2MGpa,Bareedak ya habibi,Gamal Farfour,12,2015,0.47,0.75,5,-12.211,0,0.19,0.925,0.174,0.906,101.942,381806,4
201,211,5keTsVnzmqoNcdHAGGLRc3,Bareedk,Mahmoud Abdelaziz,4,2000,0.614,0.751,7,-3.348,1,0.83,0.0001,0.18,0.761,136.189,347938,3
202,212,6Mv4nT88sswi2E3GMaHeXP,Barrag al oyoon,Abdel Karim Alkabli,5,2010,0.553,0.557,4,-9.886,0,0.42,0.0,0.0618,0.83,122.028,564200,3
203,213,3L6sXhIZcnIU8RGE1XG7eK,Bartah laik,Mahmoud Abdelaziz,7,2001,0.484,0.472,2,-13.005,1,0.84,0.0036,0.139,0.79,153.881,643607,4
204,214,3dYd6VfwFLJ1Fz7RtDckxb,Basbara,Sidi Doshka,0,2012,0.572,0.36,0,-8.609,1,0.89,0.0,0.136,0.868,135.739,167720,4
205,215,5fghFxn47N20y4TJB5l3x8,Basma,Gamal Farfour,15,2015,0.765,0.452,2,-15.765,0,0.64,0.0256,0.0797,0.92,157.053,327236,4
206,217,7sFDW724qLUeP28ibNRpr9,Bassama,Abdel Gadir Salim All-Stars,8,1991,0.398,0.479,2,-13.867,0,0.77,0.027,0.103,0.916,175.285,288027,3
207,218,20A1regBxi5nmNXBJyrmdB,Begeet tamor bena,Egd Aljwaher Band,7,2018,0.713,0.744,0,-3.321,1,0.4,0.0,0.202,0.685,122.73,355127,1
208,219,52Z8lOedcv4Wh227wdrRlI,Behokm elseid,Amira Mahmoud Mohammadein,0,2014,0.587,0.862,2,-5.949,1,0.22,0.0,0.0558,0.868,132.803,447400,3
209,220,75lCXxMHJuRJzkGJcMzDF0,Benayya,Moddathir Meshmesh,0,2014,0.436,0.744,9,-4.474,1,0.45,0.0,0.112,0.894,149.376,378090,4
210,221,528CNKDxhpTW2SVCUC6GOF,Benhib baad,Taha Suliman,15,2021,0.785,0.541,1,-7.352,1,0.57,0.0,0.0411,0.911,162.024,201953,4
211,222,1zNoCea9KmJnPnMAcH7OSx,Benreed al letam,The Scorpios,4,2017,0.874,0.557,0,-8.427,1,0.8,0.0,0.0583,0.872,135.9,200456,4
212,223,4EIVApiMrn4JDIMTrL6gGg,Besslama,Mostafa Sid Ahmed,9,1992,0.518,0.841,6,-2.621,0,0.61,0.0,0.343,0.505,125.378,753231,3
213,224,4m4iipH4i9ei6IGw9Qzixp,Betgoli la,Abdelmonem Abu Sam,2,2020,0.6,0.669,7,-8.566,1,0.51,0.057,0.115,0.776,152.951,335621,4
214,225,2JoQiTWRwsFiLMDTnFUkPN,Betna nawwar,Shukralla Izzalden,3,2018,0.585,0.693,10,-5.522,1,0.26,0.0018,0.0443,0.871,166.644,322919,4
215,226,6QVzGQX0IJNBCkn3ntPHC0,Bi saraha,Abdel Aziz El Mubarak,2,1989,0.425,0.445,10,-11.685,1,0.7,0.0,0.833,0.742,80.048,415933,4
216,227,3nU7t7SiepQh23EOVMvNGm,Bi saraha,Insaf Fathi,6,2020,0.476,0.277,0,-21.213,0,0.7,0.0053,0.627,0.639,80.395,295654,4
217,228,4rT6QQJ02d5R2QRQEijIXu,Biladi,A.G Nimeri,13,2020,0.82,0.232,5,-12.645,1,0.28,0.0,0.1,0.304,118.07,218839,4
218,229,0nOAJ6NOwB8JVPMKBae4GU,Bisharook,Taha Suliman,15,2018,0.586,0.483,9,-19.055,1,0.72,0.726,0.341,0.965,122.627,201863,4
219,230,0sUNe0cu7nUC89JmrGmGkW,Bit almuluk,Taha Suliman,6,2020,0.537,0.461,3,-5.208,0,0.78,0.0,0.0762,0.367,115.852,227927,4
220,231,0KWaSd22ZgvVaxTx38b0gn,Bitgooli la,Abdel Aziz El Mubarak,15,1999,0.424,0.652,10,-10.506,1,0.18,0.0014,0.0914,0.882,161.71,488707,4
221,232,4nqrkaqdpaykTcIL4QESEb,Bitzid min azabi,Abdel Gadir Salim,5,1999,0.482,0.418,11,-13.54,0,0.79,0.0,0.106,0.881,83.9,378827,4
222,233,157TGlj0MWOThbrYG3kFJw,Boaadak tal,Gamal Musbah,4,2021,0.641,0.391,1,-14.678,1,0.53,0.0015,0.0835,0.734,160.014,163971,4
223,234,6j6RB7ohZG8vPwornVd5KO,Bringi,Soulja,34,2022,0.713,0.652,1,-10.256,1,0.11,0.0001,0.0651,0.44,95.552,139309,4
224,235,1Jy2evAgZdyH8GJAX6y6by,Bulbultain,Sharhabil Ahmed,7,2017,0.639,0.305,7,-11.781,1,0.77,0.0003,0.146,0.899,137.668,262316,4
225,236,4XALFYRcTXTmlzM91pd0YX,Charleston,Soulja,27,2021,0.824,0.353,0,-14.008,1,0.33,0.0,0.179,0.504,83.042,190843,4
226,237,7IVqGZ9cEsuJTq8UAE55m7,Chix Bahri,Ahmed Aljigir,2,2020,0.725,0.672,0,-9.819,0,0.84,0.0,0.232,0.922,157.976,224888,3
227,238,45nDTTpKDy3vwLlC04PiAU,Daggat galbi,Hussein Alsadig,10,2012,0.749,0.684,6,-7.933,0,0.33,0.0,0.124,0.974,137.5,271319,3
228,239,6ZpenuRBbNnoHn6iZ1d7l9,Dallouka,Oum Dermam Stars,17,2017,0.383,0.899,1,-3.937,0,0.55,0.0,0.167,0.737,83.002,347974,4
229,240,5zfLwQjMocw0YGmHSiL84M,Dam alshaheed,Ahmed Amin,15,2020,0.437,0.0989,6,-16.381,1,0.97,0.0,0.101,0.664,150.071,127200,3
230,241,2sg7KIvi9VDTTGx49TL2iV,Damee al itshattat,Mustafa alsunni,3,1999,0.651,0.149,0,-26.243,1,0.84,0.103,0.0951,0.875,81.412,369827,4
231,242,6iHipSyQfTx6N7EHtZfzkG,Damet al ashwag,Moddathir Meshmesh,2,2014,0.493,0.764,0,-3.75,0,0.48,0.0,0.0565,0.883,154.993,354720,4
232,243,2e1isCJ2FnAI56orYKmQFB,Damir qawamak,Shukralla Izzalden,8,2021,0.476,0.349,1,-14.307,1,0.72,0.0,0.427,0.81,124.915,434730,3
233,244,1fioAfQjiN3Zy83bP3V0qj,Daneen al waadi,Abdel Karim Alkabli,6,2010,0.411,0.509,7,-9.723,1,0.63,0.0299,0.107,0.749,103.221,742013,4
234,245,2Du96Bd5m76Dng7LzcMLxr,Dannab,Abdel Karim Alkabli,5,2009,0.427,0.479,5,-8.806,1,0.72,0.0055,0.149,0.751,136.738,317360,3
235,246,6qxWqEKuTwWPDxhBDQxhXP,Dar gaal,Eman Alshareef,16,2021,0.609,0.594,10,-5.056,0,0.4,0.0075,0.133,0.867,116.93,223948,4
236,247,4oAGVVlUQRkuLJbBhqSR6S,Dayer anwer lek,Abu Obaida Hassan,8,2018,0.733,0.547,8,-11.521,0,0.84,0.0,0.343,0.962,78.676,303085,4
237,248,2UGLKLY1ITnXbNfGPNO9Y6,Deel ahom,Taha Suliman,3,2021,0.649,0.546,10,-7.812,0,0.01,0.0,0.0593,0.913,81.957,266371,4
238,249,7qVoNwBSwU5irjv3i6eS3T,Di hafeyya,Eman Alshareef,22,2020,0.798,0.724,6,-4.702,1,0.57,0.0,0.086,0.75,138.048,185913,4
239,250,11XWZma0BPIahVwSMu9sfq,Diya wo ailan,Rasha,12,1997,0.738,0.476,4,-12.782,0,0.72,0.0,0.0601,0.928,152.115,264786,4
240,251,3TGeVDSjrvDqndf3zjhOaT,Droob al shoag,Abdelmoniem Ekhaldi,3,2018,0.421,0.635,11,-8.868,0,0.81,0.0387,0.088,0.635,153.419,328430,3
241,252,4rXMDVHEmlCywEJD2AHgk3,Dum tik tik,Taha Suliman,16,2021,0.697,0.654,8,-6.047,1,0.23,0.0,0.139,0.733,81.096,205166,3
242,253,2bU74Si4oYYBdJgiaPgFex,Dunya gahreeba,Ahmed Amin,12,2019,0.848,0.53,6,-12.15,1,0.28,0.0,0.0534,0.954,109.999,221053,4
243,255,0SSEa0IWKLELplo55CXoQ5,Dunya ya farraqa,Eman Alshareef,23,2021,0.723,0.697,8,-4.283,1,0.4,0.0,0.117,0.795,119.976,246805,4
244,256,4CloZwPypRKxJsCARol2MA,Dunyatna algameela,Mahmoud Abdelaziz,4,2002,0.458,0.875,7,-4.18,1,0.08,0.0003,0.251,0.831,79.158,314242,4
245,257,7onjRqhbRtJWMhkuT9XopO,Durrati alghalia,Omer Elamin,19,2021,0.763,0.798,3,-8.708,0,0.4,0.0,0.0526,0.759,139.925,290560,4
246,258,74h3IAFQWDkTG0Drkdmwjc,Egd allooli,Shukralla Izzalden,8,2018,0.515,0.759,9,-5.671,1,0.4,0.183,0.0583,0.813,178.407,393503,4
247,259,6FYUG4M66CyP7kYGPYdXUR,Egd allooli,Gamal Farfour,2,2015,0.406,0.847,0,-6.569,1,0.13,0.0034,0.344,0.429,136.496,306469,4
248,260,60gfDpWOcumylYzPxNHRxl,Eiounak feha sheea,Kamal Tarbas,7,1980,0.439,0.484,0,-9.682,1,0.82,0.0,0.194,0.85,134.422,286480,3
249,261,5kFQG6TjztZKpfeiNEpH1a,Ejo aideen,The Scorpios,28,2017,0.838,0.43,9,-10.937,0,0.22,0.0122,0.113,0.825,133.721,279406,3
250,262,2bZSBv9N0HqsM54MtZ2IEx,El Gayma Banbona & Dannab,Abdel Karim Alkabli,7,2010,0.397,0.636,5,-9.197,1,0.47,0.0001,0.188,0.726,125.879,578000,3
251,263,6YgG7VjviHG9D8AIbWPks1,El Ghaddara Deema,Amira Mahmoud Mohammadein,0,2014,0.542,0.666,5,-7.988,1,0.56,0.0,0.112,0.936,131.073,220800,3
252,264,5hyOS6LQRVojQ2u7fPjfaj,El Khadar Khadari,Amira Mahmoud Mohammadein,0,2014,0.545,0.728,3,-6.997,1,0.5,0.0,0.537,0.946,139.343,445600,4
253,265,1Wb9cqrudrds1kny7JoRW1,El Medalal Dah,Kamal Tarbas,7,1980,0.538,0.473,2,-10.023,1,0.89,0.0002,0.185,0.92,79.66,325160,4
254,266,39atxghau5z29JTeWIPCin,El raid yegmaa,Kamal Tarbas,14,1980,0.538,0.583,2,-7.804,1,0.77,0.0,0.286,0.832,81.69,359267,4
255,267,3WW3L0NGYCNqPXEQo6dffm,Enai ma tabki,Mahmoud Abdulaziz,13,1997,0.542,0.435,5,-16.942,0,0.07,0.0037,0.402,0.734,100.819,445858,3
256,268,71aSAnF046zmlutphiKHTg,Enai ma tabki,Sabah Abdalla,0,2021,0.535,0.364,0,-11.079,1,0.62,0.0,0.807,0.684,111.606,296255,3
257,269,3NsrEaIceblOQPjcjS3iMp,Endi kalma,Mahmoud Abdelaziz,5,2000,0.604,0.929,0,0.229,1,0.81,0.0338,0.0762,0.707,102.857,538198,4
258,270,6vOB7pOYlg35Lbo02CJgrn,Ennaya,Amira Mahmoud Mohammadein,0,2014,0.56,0.763,10,-7.328,1,0.09,0.0,0.0728,0.901,131.809,222293,3
259,271,5VLx23MgkDPLTkif6FI5UF,Enta aarif,Huda Arabi,6,2020,0.438,0.335,7,-18.754,1,0.7,0.0,0.881,0.875,132.954,307096,3
260,272,46Ty5njnLn1fL8tac6Saa9,Enta hayati,Gamal Farfour,15,2015,0.413,0.494,7,-12.015,0,0.2,0.0856,0.12,0.502,116.26,331050,4
261,273,5IcCT3CVzyUrbYfnZHkf2I,Enta ma magboor alaina,Alblabel,0,2000,0.294,0.644,1,-5.437,0,0.99,0.628,0.434,0.947,81.251,356759,4
262,274,3Wwc4v2wPDvkUt1TXWsEar,Enta wa ana,Eman Alshareef,22,2021,0.756,0.779,8,-3.706,1,0.14,0.0,0.0786,0.85,135.004,255687,3
263,275,05HFOrzJuE3R8m2KByQgwX,Entahat,Wad Almzad,9,2020,0.879,0.494,5,-9.475,0,0.41,0.0,0.106,0.49,93.0,242581,4
264,276,7cr0d33C4MPBviDGokpfoM,Ente alzola,Shukralla Izzalden,3,2019,0.502,0.41,5,-12.278,0,0.28,0.0072,0.181,0.702,170.724,350782,4
265,277,1q3F97NEQvTofj8f4zWuJ2,Ente layya,Mostafa Sid Ahmed,8,1992,0.533,0.51,10,-11.052,0,0.66,0.0,0.305,0.595,108.378,549660,4
266,278,5jh4aXPOq3iu8i4zKCTJt7,Esheqta shadin,Moddathir Meshmesh,0,2014,0.689,0.652,7,-3.464,0,0.29,0.008,0.0437,0.825,132.492,264748,4
267,279,5VQIzTRPTtYL8Ftct7IzOv,Etab,Hussein Alsadig,5,2017,0.394,0.303,9,-13.657,0,0.79,0.0001,0.334,0.766,145.469,340391,3
268,280,1cOvO9ZpNcl0w0VqNCc03r,Etafagna,Nada Algalaa,4,2014,0.572,0.587,6,-11.405,1,0.59,0.0,0.353,0.714,142.47,413087,3
269,282,2eMZNu3tlXxMc38t67BGen,Eyoni eyonak,Mahmoud Abdelaziz,0,1996,0.644,0.519,3,-7.511,1,0.79,0.0009,0.12,0.819,96.951,288767,4
270,283,478ZXmrOWOQPf29ZhAMt1T,Ezz eljamor,Kamal Tarbas,11,1980,0.541,0.474,0,-10.528,1,0.8,0.0,0.14,0.753,128.586,508587,3
271,284,4jTcF40PWDwxhig8Hz3Wqo,Fara al ban entaka,Kamal Tarbas,5,1985,0.408,0.816,2,-5.034,1,0.79,0.0004,0.248,0.919,158.349,365560,4
272,285,3kCyhfs65eN45MBIshEOdN,Fara almahlab,Roaa Naeem,10,2021,0.889,0.423,1,-9.725,1,0.41,0.0,0.0902,0.938,119.954,238629,4
273,286,5vKVO4AAtpHp7AwOcfJpQY,Faragna aaz alnas,Eman Alshareef,14,2021,0.383,0.427,11,-9.553,1,0.68,0.0,0.405,0.425,133.283,404140,4
274,287,1zGMLHj8QCnVJkdz0B0w4i,Faragooni,Abu Obaida Hassan,5,2018,0.602,0.725,10,-12.363,1,0.91,0.452,0.106,0.975,164.788,205429,4
275,288,6Y3xS8HUKperD52Zx1Ukq6,Farhat eid,Ahmed Amin,14,2019,0.802,0.526,4,-12.738,1,0.2,0.0,0.254,0.681,157.984,226678,4
276,289,4wWV8DyWQ9SACRRdaSaZ4R,Feek raieh baly,Abdel Karim Alkabli,7,2008,0.581,0.762,11,-7.693,0,0.29,0.0,0.046,0.838,146.978,446320,3
277,290,1xpWPL4Yiwa5VbEBUBDWWl,Feriea al ban,Amira Mahmoud Mohammadein,0,2014,0.65,0.706,8,-7.276,1,0.19,0.0,0.0609,0.895,134.584,450400,3
278,291,6dcDvZF6vFXvM9aj1But61,Fi aldawahi,Insaf Fathi,2,2020,0.656,0.484,11,-10.77,0,0.65,0.104,0.314,0.811,151.443,580336,3
279,292,4YwQNMkStbGblIen3P0T1Q,Fi eyonik,Mostafa Sid Ahmed,17,1992,0.439,0.551,2,-9.054,1,0.17,0.0003,0.657,0.77,119.592,596585,4
280,293,4bi7vQhEO1FqA74jI1JMqP,Fi ezz allel,Abdel Karim Alkabli,4,2006,0.502,0.576,11,-10.251,0,0.07,0.127,0.0611,0.91,125.67,993000,4
281,294,5qEAW61acNjEWCoWWJp1Vk,Fi gheyabak,Mohamed Alnasri,6,2018,0.577,0.329,9,-17.65,1,0.79,0.0149,0.107,0.678,85.449,579448,4
282,295,6XLSTtlVE88CEz1fJ9rUI0,Fi hawak ya gameel,Asim Albanna,10,2020,0.398,0.326,5,-20.263,0,0.73,0.0,0.543,0.832,156.535,396617,4
283,296,1kFxktmmUVyHRC1FQXo5As,Fi khdedo shama,Hussein Alsadig,5,2011,0.391,0.185,7,-13.934,1,0.88,0.0,0.355,0.676,70.416,229463,4
284,297,6Bo3X0X6ZvE1YXnvwKHk2O,Fil tammani,Mahmoud Abdelaziz,14,2013,0.429,0.562,9,-9.873,1,0.52,0.0,0.747,0.595,179.105,282454,4
285,298,3ZkUXPl6kenXSE6pxwrRBr,Fortaigt om labos,Abdel Karim Alkabli,4,2006,0.768,0.404,0,-14.097,1,0.33,0.0001,0.0606,0.924,120.091,320360,4
286,299,3HJP3zUz4YQ9EZMdBjOg8w,Furagak har,Talal Alsatta,13,2019,0.676,0.784,7,-4.152,1,0.69,0.0,0.0977,0.786,128.085,177998,4
287,300,4BdeNR5Z8vy5o9dIFIbx8d,Gafani,Amjad Bagera,10,2020,0.541,0.957,4,0.144,1,0.55,0.0,0.353,0.878,163.506,302132,3
288,302,17g0fZx5S62jznxH4NVGb6,Galbak leh tabaddal,Insaf Fathi,9,2020,0.663,0.251,10,-22.146,1,0.7,0.0,0.29,0.884,114.235,181029,4
289,303,0NzCuzL9qiTk48CuYrAY0P,Galbi la tahwa tani,Samira Dunia,7,2018,0.503,0.473,9,-7.063,0,0.03,0.0001,0.0813,0.809,123.692,274496,3
290,304,4sh9eEUZ0jsafKxWAM5kcA,Galbi maho shadeed,Mahmoud Abdelaziz,15,2013,0.677,0.749,1,-9.199,1,0.5,0.3,0.0996,0.93,104.942,443518,4
291,305,4hsc0yTgUnmAsP0irU5SeN,Galbi malu alyom,Gamal Musbah,11,2019,0.405,0.195,6,-10.648,1,0.91,0.0,0.225,0.758,128.581,137064,4
292,306,6O1LiySwdJaCPcI66u3o8I,Galbi zad ham,Talal Alsatta,14,2016,0.618,0.742,10,-6.344,1,0.87,0.0,0.264,0.847,140.988,213629,4
293,307,6csw7NKGTHn1iRBfhbik71,Galu lai ayyan,Talal Alsatta,17,2017,0.761,0.529,10,-6.996,1,0.95,0.0,0.22,0.849,119.854,205270,4
294,308,075RMToOjMTMFgDEr3PKjl,Gamar Alzaman,Mostafa Sid Ahmed,14,1996,0.784,0.233,0,-16.301,1,0.73,0.0,0.0997,0.936,109.502,653401,4
295,309,57LQQDgS5nrR6oSTak5Yem,Gamar dawa,Sharhabil Ahmed,19,2020,0.619,0.774,7,-4.812,1,0.73,0.0257,0.0681,0.972,83.589,317375,4
296,310,1skMZgzGSwvim3fqlL2bAW,Gana al babay,Kamal Tarbas,18,1985,0.554,0.627,5,-7.784,0,0.87,0.0,0.158,0.951,77.185,430560,4
297,311,0S45re7HsNZYqlktnE9niZ,Ganaya albreedo,Taha Suliman,22,2020,0.82,0.5,10,-10.896,1,0.66,0.0,0.0909,0.968,136.963,335961,4
298,312,2KQEt6NUICh7zmnrVCghXL,Garamak,Abdel Karim Alkabli,4,2006,0.735,0.54,11,-10.16,0,0.41,0.0034,0.0748,0.91,85.953,448440,4
299,313,6d03fOpUZl5DuO8vixqBla,Gaseem raidi,Asha Algabal,5,2021,0.554,0.781,1,-7.172,1,0.31,0.0,0.379,0.817,167.877,371592,3
300,314,7uxBBqYpp1tVDN542foHjL,Gaye tafatish almadi,Kamal Tarbas,7,1985,0.415,0.511,7,-6.343,1,0.68,0.0,0.113,0.715,136.495,492813,3
301,315,5X7QPiLuYmQGE8JMlZRT8e,Gdreshinnaha,Abdel Gadir Salim,3,1999,0.567,0.38,2,-15.686,1,0.69,0.0036,0.113,0.814,87.085,579267,4
302,316,3m5TM9QlG3DSq8gTnC7J82,Gedudna zaman,Ahmed Amin,12,2020,0.703,0.34,7,-14.838,0,0.45,0.0001,0.116,0.598,144.995,233114,4
303,317,7lMZnT1HypLJwBXb9hBRH1,Geebuhu lai,Noon Alankabota,22,2022,0.661,0.673,0,-9.191,1,0.26,0.0004,0.112,0.65,122.319,190463,5
304,318,71spxfLz3rIrNSd6GdYzKd,Geenaki,Abdel Gadir Salim,2,2003,0.383,0.3,0,-15.68,1,0.9,0.0051,0.114,0.637,146.072,463627,3
305,319,5jDHxxBjjKhLNk69Uk5ttV,Geet tagol alraida khowa,Gamal Farfour,0,2015,0.545,0.803,5,-5.543,1,0.66,0.0252,0.357,0.842,83.893,208013,4
306,320,02qwwJ74x8JxJUzx4mDOEo,Geeta tani,Mahmoud Abdelaziz,9,2006,0.646,0.486,7,-9.03,1,0.55,0.0003,0.346,0.778,134.347,305638,3
307,321,0QaSB6CIq3Re3rlFcTOYHN,Getar alshoog,Alblabel,1,2000,0.355,0.583,9,-7.092,1,0.98,0.447,0.136,0.718,104.627,292103,4
308,322,5wtM832AxQZB8NdsixP6SR,Ghab an aini,Insaf Fathi,7,2020,0.493,0.288,10,-21.306,1,0.64,0.0,0.758,0.933,154.199,305685,4
309,323,6k58vtZd2r0vvNIajjMKXi,Ghab toumi,Abdel Gadir Salim,1,1999,0.453,0.491,7,-15.125,1,0.79,0.104,0.112,0.702,112.697,589733,4
310,324,4c7tgQfWKByDvvXYZJlayo,Ghadabak gameel,Abdalla Kunna,3,2020,0.536,0.264,7,-19.675,1,0.68,0.0001,0.749,0.586,114.9,442776,3
311,325,0hlbESFKRrs7jL5xNuhq1b,Ghalabna alhawa,Mahmoud Abdelaziz,6,2002,0.739,0.886,5,-1.327,1,0.31,0.0118,0.148,0.646,111.897,401506,4
312,326,00WfAUFYLupuldyVkjT6Qf,Ghaltan ana,Abd al Hafiz Karar,1,1999,0.47,0.113,9,-27.887,0,0.85,0.391,0.101,0.863,165.794,465333,4
313,327,2hujwdIuYjYN9WwEeoWYmB,Ghanena lelsittat,Taha Suliman,3,2020,0.515,0.255,0,-21.753,1,0.72,0.0,0.57,0.5,97.281,478171,4
314,328,3Yd7wbgIEQoAKT7BPriaY7,Ghanna algomri ala alghoson,Ahmed Fathallah,3,2020,0.423,0.264,4,-17.565,0,0.84,0.0,0.597,0.765,126.76,46289,1
315,329,5SMBGHvT5BprjkVYJHuFnk,Ghannet laik,Mahmoud Abdelaziz,2,1997,0.36,0.87,2,1.681,1,0.87,0.0001,0.374,0.72,144.801,298690,3
316,330,4yfxaMh16QH1gOy1MitrI1,Ghannu ya ekhwani,Abdel Gadir Salim,4,1999,0.553,0.432,10,-15.083,1,0.8,0.0243,0.0997,0.93,74.063,456640,4
317,331,2KZn1uRTqO4DzuLfbTEqlt,Ghazalia,Gamal Farfour,12,2015,0.467,0.923,9,-2.619,0,0.73,0.0001,0.445,0.847,85.547,172069,4
318,332,386T40GINsBvMeWY4HOHvc,Ghosn alreyad,Mahmoud Abdelaziz,8,1996,0.477,0.604,1,-8.499,1,0.83,0.0005,0.0737,0.921,190.71,368231,4
319,333,2NCocr275dOjEAQL2QcAhH,Gismi almanhool,Mohab Osman,4,2020,0.327,0.377,2,-20.067,0,0.68,0.0,0.903,0.653,111.095,542067,4
320,334,1uxCqgZ47S6kVey3xqFSV6,Gismy almanhool,Nancy Ajaj,12,2021,0.424,0.275,1,-18.723,0,0.97,0.133,0.0923,0.817,163.267,379768,4
321,335,0HjJNBzp2wOwfgAxMRO14F,Glebi,Asha Algabal,25,2021,0.72,0.595,5,-6.008,0,0.48,0.0,0.216,0.943,155.021,105430,4
322,336,0eoV7lgwV77LrsHpHHChyt,Gorbak befarihni,Mahmoud Abdelaziz,0,1994,0.639,0.582,1,-9.266,0,0.75,0.003,0.217,0.862,155.043,335266,4
323,337,396ZAekw2ZWbSUrOklQeiD,Gulu mashallah,Talal Alsatta,16,2017,0.707,0.701,1,-5.647,1,0.34,0.0,0.0593,0.902,165.989,252108,4
324,338,1H5OH2A58tdUW3JyC53SYR,Habayebi alhilween,Hassoun,10,2017,0.512,0.722,3,-9.044,1,0.79,0.0,0.411,0.783,152.836,283247,4
325,339,5vXla8BR6JMMzDkeFkK05F,Habbet ghairo,Mahmoud Abdelaziz,4,2002,0.454,0.912,7,-4.852,1,0.62,0.0019,0.558,0.694,151.449,412522,3
326,340,5wi1RA7mWc1LhRdtAWy7zj,Habbetak wa neseet alkalam,Omer Elamin,12,2018,0.438,0.461,5,-10.398,0,0.78,0.0035,0.645,0.757,115.412,367595,4
327,341,0K1ecaz5EvZx6Xvbgm6cgp,Habbeto ma habbani,Nojoud Ajab,8,2020,0.232,0.286,11,-19.084,0,0.79,0.0,0.598,0.614,169.52,400039,3
328,342,4YfWn3wJ7318mLs7EynjJv,Habbeto ma habbani,Aamir Babiker,5,2020,0.702,0.434,5,-10.926,0,0.05,0.0,0.396,0.861,115.053,240095,4
329,343,2sE91NknUAMnzsUulGI0XI,Habeebi etlagena marra,Huda Arabi,12,2020,0.35,0.244,5,-22.445,1,0.44,0.0,0.569,0.575,123.64,463726,4
330,344,5lL96fKCALjVUYmbsFKY2u,Habib taal,Moddathir Meshmesh,0,2014,0.647,0.829,3,-1.943,1,0.4,0.0013,0.0838,0.675,102.916,377960,4
331,345,5MxwoylM7W83SStICbbFPV,Habibi,Muhamed El Amin,1,1996,0.641,0.145,7,-23.015,1,0.82,0.0,0.112,0.936,91.15,439333,4
332,346,0bKOqeen4l6Slo2VElmj9l,Habibi anta taalam,Gamal Farfour,6,2015,0.298,0.939,11,0.898,0,0.63,0.0,0.696,0.832,148.989,322586,3
333,348,7JIeTEkEuuYM6J2G6W0B4y,Habibi gannani,Salah Alamin,3,2020,0.501,0.246,4,-22.432,0,0.61,0.0,0.727,0.736,109.303,234867,4
334,349,4W3gPdzyXkRMdQ2eStV7jm,Habibi taal nitlam,Mamoun SwarAldahab,7,2017,0.347,0.918,5,-3.045,1,0.77,0.0023,0.223,0.886,172.072,231791,4
335,350,0KwGwfSkznhVw7t00qQ8Nl,Habsha,Flippter,37,2022,0.928,0.589,10,-8.233,0,0.5,0.0,0.191,0.872,123.045,145366,4
336,351,4aUQTa9JnSvyeYTfqCeNQo,Haggi ana,Roaa Naeem,19,2021,0.75,0.661,3,-8.683,1,0.06,0.0,0.128,0.964,159.829,202967,4
337,352,6W2QVSw8CS3rCvyvLelX7L,Hairan filhub,Abdalla Kunna,3,2020,0.485,0.316,5,-20.73,0,0.61,0.0,0.907,0.789,153.119,295445,4
338,353,5YAEZ2gUC3U4zGOSsbhH68,Hajaboho,Huda Arabi,5,2020,0.415,0.214,10,-24.252,1,0.63,0.0,0.62,0.776,140.407,283794,3
339,354,77qDw9AdzR3kCb22VNd0m6,Hal tadri ya naasan,Asim Albanna,7,2020,0.297,0.341,7,-19.845,0,0.61,0.0,0.481,0.765,138.368,418873,3
340,355,2277tdXzL7BEY7gsGVfWgQ,Hal tadri ya naasan,Asim Albanna,0,2020,0.295,0.341,7,-19.845,0,0.61,0.0,0.481,0.771,138.724,418873,3
341,356,7wvDmJrUMQ8XlJeIrSNfD1,Hala belfurag ya hala,Hiba Jabra,15,2020,0.529,0.832,8,-6.791,0,0.14,0.0005,0.194,0.814,167.961,334054,3
342,357,67m67xLIJofW6KhTtmpzWC,Hala Kassla,Kamal Tarbas,11,1980,0.579,0.493,2,-11.592,0,0.77,0.0,0.185,0.951,86.342,378640,4
343,358,5P8AGeTKWgLOo4nqvpaqsd,Halaf belyamin,Talal Alsatta,14,2018,0.728,0.479,0,-8.465,1,0.68,0.0,0.177,0.675,132.834,227187,4
344,359,1PIMMFT7xT81zJyZjaYSNa,Haneen,Abdalla Altayeb,4,2018,0.662,0.539,2,-8.568,0,0.63,0.0,0.104,0.723,99.869,212820,4
345,360,29W9QbcVyCnVlwpZfhROqg,Haneen,Nancy Ajaj,8,2021,0.465,0.223,1,-21.11,0,0.82,0.0117,0.108,0.78,100.991,431639,4
346,361,7nf05KWvlp6Y1jwlYmxnOq,Haneeni elek,Mahmoud Abdelaziz,7,2002,0.351,0.767,9,-3.83,0,0.69,0.0032,0.56,0.659,159.984,495682,3
347,362,7G8nmfaX1WXPLAeBQEFNwF,Hasadoni feeho algorab,Hiba Jabra,6,2020,0.374,0.888,7,-7.046,0,0.25,0.0,0.121,0.776,167.695,669388,3
348,363,6HgaPjmKdCpYOEYbMk1p0H,Hasdeeni bigsu alai,Hiba Jabra,4,2020,0.362,0.878,7,-6.981,0,0.14,0.0003,0.147,0.776,167.841,745979,3
349,364,6P17YqBwXZts43maKCp33j,Hati laina sabah,Mahmoud Abdelaziz,0,1996,0.68,0.804,6,-0.29,1,0.8,0.0254,0.232,0.737,118.347,532906,4
350,365,7Fv9zpLVrZ1YbfpRegzwS5,Haweet gamal ma ansafni,Insaf Fathi,2,2020,0.661,0.626,4,-8.189,0,0.72,0.0,0.675,0.927,137.567,540212,3
351,366,6W14WJqlfIq2OBzqOvPmtg,Hayarta galbi maak,Eman Alshareef,13,2021,0.467,0.411,6,-12.055,0,0.46,0.0,0.652,0.77,159.148,347899,4
352,367,43j50pjZZSG9n5hopfIq4Z,Hazzu tayeb,Mahmoud Abdelaziz,13,2013,0.591,0.881,7,-0.697,1,0.19,0.001,0.331,0.869,164.393,255058,3
353,368,41Q31Sn0Oqe2OxSvw8quF7,Hbayeb algalib,Hiba Jabra,7,2020,0.427,0.868,11,-6.835,1,0.29,0.0001,0.149,0.81,149.684,321202,3
354,369,752ZFsGMUthS2TqdXppvWl,Heera,Nancy Ajaj,8,2021,0.415,0.392,5,-14.525,0,0.88,0.24,0.0946,0.703,161.951,450551,3
355,370,6SuiXK165Njq59ArFCA1Sq,Hekayti maak,Mahmoud Abdelaziz,7,2009,0.484,0.575,11,-4.259,0,0.85,0.0,0.171,0.731,159.419,495070,4
356,371,0Bftl5HAd3hPp551NzSul0,Helewa ya bassama,Sabah Abdalla,0,2021,0.567,0.694,5,-11.904,0,0.59,0.0081,0.178,0.931,167.227,285911,3
357,372,5FPPSFqKjsJRQy5npK1Xje,Hilwa Alsudsa - Live,Abdel Aziz El Mubarak,2,1989,0.493,0.572,4,-9.36,0,0.33,0.0002,0.971,0.671,118.756,481507,4
358,373,4zza6464stnHetdc4NOVZo,Hirman,Abdel Karim Alkabli,15,2006,0.48,0.579,7,-8.173,1,0.04,0.0297,0.0947,0.583,126.291,423107,4
359,374,3h2jimsbHiTuuxTGDWbWqP,Hirman,Sharhabil Ahmed,6,2017,0.667,0.536,4,-9.054,0,0.35,0.0068,0.174,0.731,105.002,639483,4
360,375,55D47HDmQGGIzB2qFUMQWB,Hob al nas mazahib,Kamal Tarbas,5,1985,0.453,0.486,11,-8.145,0,0.58,0.0001,0.111,0.809,135.157,415453,3
361,376,609FgTG2atakrizAS2zPJ2,Hodana,Abdelmonem Abu Sam,2,2020,0.634,0.531,9,-7.151,0,0.56,0.216,0.0703,0.965,153.23,280451,4
362,377,318yxr3hO4q1D9MAFF0g0k,Horga wa shagan,Mohamed Alnasri,4,2018,0.62,0.344,9,-13.94,1,0.86,0.005,0.106,0.93,144.115,399517,4
363,378,2KqifZixQNmX0tvLTUgjuF,Hubbi alrazin,Abd al Hafiz Karar,3,1999,0.687,0.166,5,-24.264,1,0.82,0.0004,0.106,0.961,70.919,226000,4
364,379,33U53mkczIUGC8kmaIZ0A0,Ia Sudan Ma'alesh,Rasha,11,2000,0.788,0.529,7,-12.033,1,0.37,0.0,0.101,0.92,107.934,273522,4
365,380,1KUmHS4kiZ4KZvfjyTg0dJ,Igd allooli,Saied Khalifa,16,2018,0.407,0.561,2,-6.762,1,0.01,0.031,0.0868,0.554,160.72,267856,4
366,381,62ahpzZmhBFRrt00un3Yxz,Jamil alsoura,Abdel Gadir Salim,1,1999,0.601,0.417,4,-14.311,0,0.55,0.106,0.0968,0.949,108.584,409200,4
367,382,7zrsvnr78KQpS2ugq1oKTG,Jannat Elhub,Sharhabil Ahmed,8,2017,0.691,0.711,5,-7.192,0,0.01,0.0056,0.0555,0.678,142.005,317852,4
368,383,51sngiQpEHT9t2BWCTh4A5,Jar,Abdel Karim Alkabli,4,1973,0.751,0.603,1,-10.465,1,0.25,0.0,0.0344,0.97,114.26,223893,4
369,384,0Yshg5nqSx37wUIcnJZspZ,Kaif wa kaif,MarSimba,33,2020,0.627,0.391,3,-20.777,0,0.2,0.051,0.376,0.255,93.448,232453,4
370,385,6vTAo7olyn8YkqLSHF1Mx5,Kaif yahon,Abdel Karim Alkabli,4,1973,0.608,0.437,2,-11.34,1,0.72,0.0003,0.194,0.713,150.601,395000,4
371,386,5CYZK1HzkXYg8R22NMfdmF,Kalam kateer,AlBitar,7,2021,0.916,0.593,1,-6.71,0,0.08,0.0268,0.0694,0.404,126.027,183452,4
372,387,1z4sYImcfw0w9FTeHcrhL7,Kam nazarna hilal,Ahmed Aljigir,1,2021,0.463,0.47,7,-11.014,0,0.85,0.0006,0.0944,0.834,119.945,321815,3
373,388,0qU3m6OAr1rbv6Q0wGtwAU,Kan zalan,Abdel Karim Alkabli,4,2006,0.71,0.37,0,-14.449,1,0.06,0.0641,0.0889,0.752,86.106,344120,4
374,389,7GiLIZ1JNiq2EAzlI5pNXM,Kandaka,MarSimba,42,2020,0.868,0.629,1,-8.408,1,0.14,0.0099,0.0846,0.699,97.964,181160,4
375,390,1DP1QgEOY5qaMnVZIAcJGq,Katlani meeli meeli,Amjad Bagera,9,2020,0.638,0.799,7,-3.343,0,0.0,0.0,0.47,0.525,99.986,196859,4
376,391,31dTwm6Z5YDJSQ18pchhy0,Kef la aashag gamalak,Mohab Osman,7,2020,0.363,0.319,10,-20.266,1,0.76,0.0,0.437,0.789,111.509,385489,4
377,392,1D9VDdWUd4VCiJC9Py5hYA,Ketro hussadi al alai,Asha Algabal,13,2022,0.757,0.751,6,-3.492,0,0.21,0.0,0.0605,0.891,145.004,221518,4
378,393,4p14bppgXbIS7Zdb2zZNaE,Khadaok,Mahmoud Abdelaziz,1,1996,0.696,0.667,3,-1.951,1,0.75,0.0009,0.188,0.583,102.224,384514,4
379,394,7zSozFWXY6l1aXlOmYpj6R,Khadari,Abdel Karim Alkabli,9,2006,0.388,0.522,5,-8.745,1,0.07,0.0001,0.0684,0.67,95.863,425680,3
380,395,2WTiWj7fDMZk5zpww9h2ds,Khal Fatma,Abdel Karim Alkabli,11,2008,0.611,0.692,0,-8.379,1,0.53,0.0,0.143,0.958,70.001,339707,4
381,396,3WhPKcz0L7JbTepE4wvLD5,Khal Fatma,Sabah Abdalla,0,2022,0.623,0.423,0,-15.119,1,0.51,0.0,0.259,0.928,117.072,321933,4
382,397,6jyX4ge8C1tiwBKz980wUt,Khatim almuna,Mahmoud Abdelaziz,7,2000,0.572,0.857,0,-1.511,1,0.84,0.0083,0.294,0.854,160.934,327782,4
383,398,0QemMisHFcPe19odGtKlnW,King alhalaba,Khayyat,49,2022,0.963,0.35,1,-10.885,1,0.05,0.0008,0.101,0.417,123.063,164959,4
384,399,2KmOvKvKubA150zYEzXD5p,Kol ma hawlta ansak,Gamal Farfour,2,2015,0.633,0.742,4,-10.824,0,0.34,0.0,0.67,0.507,117.807,290064,3
385,400,6U59PwyfEjiiKrYoWsgFvS,Kolen kolen,Abdalla Altayeb,7,2019,0.407,0.589,1,-8.89,0,0.77,0.0006,0.403,0.96,178.088,385045,4
386,401,73pbP9HOidM9UsyB6PmBML,Kolma taamalta hosnak,Abdalla Kunna,2,2020,0.341,0.224,10,-21.912,1,0.72,0.0,0.469,0.589,98.325,473887,4
387,402,0DEd5G2WGzAa4OkqO96bIh,Koni alnagma,Mostafa Sid Ahmed,13,1996,0.715,0.661,6,-10.387,1,0.81,0.0,0.0833,0.968,115.47,323527,4
388,403,2i0HdmJtOvMPxn4vGyGmR7,Kunta Fi Hafla Laila,Abdel Karim Alkabli,3,2000,0.673,0.602,5,-7.367,1,0.42,0.0,0.36,0.91,128.166,478000,3
389,404,6Kb6OK0vyF2viwJw8tHGuq,La aa,Abu Obaida Hassan,6,2018,0.615,0.789,7,-11.482,0,0.88,0.0,0.0623,0.963,172.031,435643,4
390,405,0WCI3M50oW3caK58gB4uZf,Labis toubo,Said Ahmed,13,2001,0.879,0.884,5,-8.392,0,0.72,0.0863,0.0387,0.961,100.033,256533,3
391,406,7nBXUBqQO0uU7Actb03VPO,Lageeto basim,Asim Albanna,3,2020,0.326,0.305,4,-20.283,0,0.62,0.0,0.143,0.812,175.357,433424,3
392,407,3WuNvcAXpqkWTyipC8dg8l,Laheeb alshog,Mahmoud Abdelaziz,1,1997,0.658,0.311,8,-13.204,1,0.87,0.0,0.189,0.811,123.581,386710,3
393,408,1F9uUWiTDIDgAZZ0zVWgOw,Lai goli,Abd al Hafiz Karar,2,1999,0.569,0.0958,9,-25.798,0,0.83,0.0468,0.0896,0.915,71.681,339000,4
394,409,6J5A5krqf4oWApQpV97Q28,Lai habeeb/ asma gameel,Gamal Farfour,12,2015,0.436,0.956,5,-4.596,1,0.57,0.0792,0.259,0.598,163.653,500219,4
395,410,36O7Hk7hSaY4sJ1B7M3jGO,Laih ya galbi,Abdel Aziz El Mubarak,2,1989,0.519,0.505,7,-10.55,1,0.62,0.0001,0.938,0.71,141.753,423160,3
396,411,1MZSP6DeqBC9L8YVBF172m,Laih ya galbi laih,Sabah Abdalla,0,2022,0.627,0.246,2,-21.209,1,0.64,0.0,0.421,0.676,109.757,488777,3
397,412,3V8GvoXJQPQr2NO9rjca9E,Laih ya hob,Omer Elamin,9,2014,0.335,0.374,0,-17.53,0,0.82,0.0,0.173,0.65,85.152,424411,4
398,414,69IMuE1Px2zZ3cIoa7bphU,Laik modda ma binta,Taha Suliman,7,2020,0.592,0.777,10,-4.5,1,0.72,0.0007,0.292,0.962,144.04,333287,3
399,415,62cKPZultvsuGzly0yPflE,Lamahtik,Nancy Ajaj,8,2021,0.405,0.262,9,-17.833,1,0.97,0.63,0.0987,0.646,151.174,825935,4
400,416,5oLapCHJTBPWqJH4R16KuE,Lamouni,Moaz Ibn Albadia,4,2020,0.31,0.28,2,-24.527,1,0.65,0.0009,0.49,0.937,160.633,408842,3
401,417,2UjdMKx8B0ln1znLljK162,Law enta niseet,Abdel Karim Alkabli,8,2006,0.422,0.736,7,-5.475,1,0.04,0.0399,0.0647,0.66,127.097,734960,4
402,418,3AOFbSLfpvnHh0iWGT9crf,Law kunti maaya,Mostafa Sid Ahmed,9,1996,0.44,0.343,9,-14.941,0,0.86,0.0055,0.162,0.811,153.991,750491,4
403,419,13J1bqJi9WPIy40bZJ8S0i,Law mohtam kan erefta,Eman Alshareef,11,2021,0.67,0.68,7,-7.861,1,0.39,0.0,0.196,0.727,170.221,256078,4
404,420,6xn78uiUIVs3KjJUygFkco,Layali,Rasha,14,1997,0.598,0.37,0,-10.894,1,0.83,0.0,0.112,0.765,160.053,266931,3
405,421,4vGxA9UNVew2mtuTiEzM8r,Layali alsabr,Insaf Fathi,6,2020,0.541,0.279,4,-18.454,1,0.62,0.0,0.781,0.627,105.35,499749,4
406,422,0cW4aomtxIMTUgTgoM7fYp,Limaza,Abdel Karim Alkabli,6,2009,0.436,0.453,9,-9.729,0,0.77,0.0003,0.0932,0.486,95.761,830320,4
407,423,1HsiJewkZdTiM1fKKgIS8q,Lonik samih,Mohamed Bashir,5,2019,0.802,0.832,0,-3.529,0,0.5,0.0,0.0782,0.901,143.845,225071,3
408,424,1n6smoEc3IvwVcvOGtPnZi,Ma aarfen nagool shino,Taj Makki,10,2018,0.575,0.59,4,-6.58,1,0.21,0.0031,0.611,0.944,90.01,331927,4
409,425,7xIZ3QgMBFyUKok7mK9Ipw,Ma balumkum,Mahmoud Abdelaziz,17,2013,0.483,0.8,7,-0.098,1,0.14,0.0107,0.522,0.679,164.806,369322,3
410,426,72FqESx8RnSZKRJQZ84AmZ,Ma balumu,Gamal Farfour,14,2020,0.727,0.708,2,-4.56,1,0.4,0.0001,0.196,0.663,139.863,237740,3
411,427,3YSksVQqe5rFeFzA6KO6X6,Ma bi nakhasmak,Abdel Karim Alkabli,4,1973,0.66,0.594,5,-12.705,0,0.43,0.0,0.0444,0.903,107.791,343960,4
412,428,0feOkBeriO5p9a3RUbeltV,Ma btagdari,Mahmoud Abdelaziz,8,2005,0.696,0.334,2,-18.795,1,0.2,0.0,0.125,0.908,134.126,287746,3
413,429,67C4ArNsiUeA00fwNldofk,Ma gulta lai khowa,Eman Alshareef,10,2022,0.512,0.47,6,-6.872,1,0.44,0.0,0.299,0.465,104.802,285239,3
414,430,7ntEVhZ4uxJrzoiqN7A7be,Ma hammak azabna,Zaidan Ibrahim,7,2018,0.426,0.747,2,-7.531,1,0.23,0.104,0.0846,0.963,170.574,286805,4
415,431,40NhHBVlWWnJ7TNt2YbxW6,Ma ho alfafanos,Abdel Karim Alkabli,4,2006,0.853,0.329,0,-15.039,1,0.13,0.0079,0.0784,0.825,120.063,419707,4
416,432,7FfgbPprx1pOgtXDLG1pSQ,Ma kunta aarif ya rait,Abdel Aziz El Mubarak,9,2018,0.495,0.579,6,-8.196,0,0.1,0.0001,0.0685,0.917,115.21,475571,3
417,433,57yaI6WT5W0dfIIdem7szU,Ma minnaha,Ahmed Amin,15,2019,0.755,0.362,7,-14.035,1,0.13,0.0018,0.18,0.352,139.915,196365,4
418,434,4gY5YrSEk9XzoA7AIeO7DR,Ma minnak,Kamal Tarbas,5,1985,0.365,0.506,9,-7.412,1,0.79,0.0001,0.113,0.904,169.343,456253,4
419,435,7fUlWvzlUIr3ijziHXtnlM,Ma muhim,MarSimba,37,2019,0.888,0.358,5,-18.018,0,0.06,0.0022,0.114,0.687,97.995,223267,4
420,436,3DR83aFdLH5s3TGJp4WGX7,Ma nseetak,Hussein Alsadig,8,2017,0.325,0.489,4,-11.247,0,0.77,0.0,0.367,0.614,67.862,502055,4
421,437,49yEPqXxd8VG0LKRcgHP15,Ma taayen lai,Eman Alshareef,12,2019,0.764,0.885,9,-6.419,1,0.13,0.0,0.344,0.874,154.966,255660,4
422,438,5uzNX2ee1Xi66njAZfoc3h,Ma tabky ya oyouni,Kamal Tarbas,7,1980,0.547,0.471,7,-12.022,1,0.82,0.0002,0.114,0.864,80.181,322560,4
423,439,1960uqvDtD9ztDHXquZH4e,Ma tehtammo lel ayam,Kamal Tarbas,9,1980,0.515,0.425,11,-12.687,0,0.79,0.0,0.246,0.958,77.426,366627,4
424,440,77fcGcaSXtJ0RQJ8p0pqmh,Ma tshili ham,Mahmoud Abdelaziz,10,2000,0.401,0.895,2,0.362,1,0.91,0.103,0.257,0.717,113.271,457954,3
425,441,0YiJ4ZdJ8NpGTJmypEM43r,Maagola bas,Mahmoud Abdelaziz,6,2000,0.652,0.813,7,-2.83,1,0.83,0.0,0.556,0.737,143.879,278242,3
426,442,0Pp1mCDIF6rP1r7ZjjnDLT,Maalesh,Omer Elamin,4,2018,0.463,0.441,4,-10.064,1,0.77,0.0054,0.117,0.668,119.424,378436,4
427,443,7KTlvOc9yjSv9p1f2rkJ6I,Madaneya horria wa salam,Ahmed Amin,22,2020,0.587,0.274,6,-17.163,1,0.25,0.0,0.0507,0.494,149.845,394684,4
428,444,7iCsEjVQCNEFIZ9ZU0R91d,Mafi zayu,Mohamed Bashir,8,2021,0.58,0.564,1,-7.976,0,0.26,0.0,0.479,0.891,79.1,232607,4
429,445,0cxoiAqjwitfnD0WrJ3QYX,Mafil arid,Wad Almzad,12,2020,0.819,0.52,11,-6.229,0,0.01,0.0,0.267,0.267,129.986,221769,4
430,446,1XowPYJrfkLaZ7Gzzqy9gy,Maftoon bek,Mahmoud Abdelaziz,10,2006,0.445,0.668,9,-7.688,0,0.51,0.0026,0.0749,0.863,150.945,343978,4
431,447,0Cfo2kXMKNamuCHxjYaVq1,Magboora Khatwaty,Taha Suliman,2,2021,0.609,0.49,4,-10.229,0,0.27,0.0,0.36,0.714,75.051,208144,4
432,448,2IYon1u2NUuFUvr8aWB6wR,Magtool hawaki ya Kordofan,Abdel Gadir Salim All-Stars,2,1991,0.527,0.37,2,-15.866,1,0.9,0.106,0.0779,0.936,149.534,389733,3
433,449,7toXjuiJtyHhFkVEG5hDYl,Mahabba wa raid,Mahmoud Abdelaziz,17,2013,0.548,0.847,7,-0.336,1,0.15,0.0,0.492,0.772,149.207,342394,3
434,450,2hM7m76clfrieYREeFGYAu,Mahboobi lagani,Gamal Farfour,6,2020,0.368,0.669,2,-6.439,0,0.77,0.0067,0.138,0.678,143.44,551210,3
435,451,7JbpSynALlfuDaqLBR9PFQ,Maho arif gadamo almofariq,Derderi,0,2020,0.562,0.304,10,-21.851,1,0.63,0.0,0.671,0.762,97.691,419161,4
436,452,1ZVvXayLoK2UPjqCsBPqSW,Maktul hawak,Abdel Gadir Salim,2,1999,0.602,0.086,2,-21.847,0,0.88,0.0002,0.13,0.576,106.12,362933,4
437,453,7yekeHTacjNZQyHRFXC1X9,Mal wa ehtagab,Abdel Gadir Salim All-Stars,2,1991,0.538,0.066,5,-24.915,0,0.93,0.0309,0.104,0.687,155.271,332267,3
438,454,6cyMNxUIC5Of2fxvLlij6N,Mali wa alhawa,Huda Arabi,3,2022,0.565,0.307,2,-23.516,0,0.73,0.0,0.116,0.951,165.765,170606,4
439,455,7CaEBRhgcyQp6NNtSEeH5w,Malk maai,Eman Alshareef,10,2022,0.447,0.371,0,-20.835,1,0.63,0.0,0.247,0.739,161.472,208353,1
440,456,4JoJdgE7epKuvs7WsJDY6I,Malo,Eman Alshareef,24,2020,0.709,0.688,9,-5.91,1,0.25,0.0001,0.193,0.694,135.026,201535,3
441,457,6jfjR8pWf73RldTx5NawTJ,Malo law safeetna inta,Khojali Osman,4,2018,0.511,0.774,0,-5.798,0,0.46,0.0396,0.305,0.917,90.623,304936,4
442,458,1iPfE8bCIqQWqkL1Pu6eN7,Malouf aleyoon,MarSimba,38,2021,0.711,0.517,7,-9.048,1,0.11,0.0091,0.102,0.709,182.019,189936,4
443,459,5NaVMZrYwIHTUvQEWzjPAX,Mamnue Min Alsukar,Taha Suliman,18,2020,0.63,0.878,9,-5.242,1,0.01,0.0,0.139,0.928,161.955,331207,3
444,460,73nPPqSTC47fGmZJ8OGYnJ,Marawi,Abdel Karim Alkabli,7,2008,0.412,0.737,0,-6.637,1,0.44,0.0,0.0396,0.8,99.993,896293,4
445,461,4oFBzW1Nc8EZIkZkW2q8rU,Marhabten baladna hababa,Nancy Ajaj,11,2019,0.531,0.267,8,-18.289,1,0.98,0.59,0.149,0.775,153.443,450575,4
446,462,23Y2JUqg2m49YHmlGvrhRN,Maria,Abdel Karim Alkabli,6,2008,0.739,0.733,0,-7.16,1,0.48,0.0,0.243,0.945,110.016,249000,4
447,463,7sbc4xaXCeJSoLhidRZDwC,Marra be babna,Mohamed Aljazar,8,2015,0.664,0.875,0,-4.09,1,0.2,0.0,0.456,0.801,95.038,232943,4
448,464,1juoE73ZC4KD1zC38o48HZ,Maryooma,Sabah Abdalla/ Mohamed Aljazar,11,2018,0.653,0.309,11,-14.061,0,0.77,0.0001,0.343,0.681,114.982,429023,4
449,465,0MCnFMhB1HJ8FQ24OTknnj,Mashroog be hammik,Mahmoud Abdelaziz,9,2006,0.755,0.602,7,-8.776,1,0.5,0.0002,0.328,0.848,134.63,361978,4
450,466,6mFt82D9nXPV3QuYfVCc2J,Maska algaw,Eman Alshareef,18,2020,0.771,0.501,2,-11.214,1,0.21,0.0,0.0782,0.918,142.613,209842,3
451,467,6kM8IDmlSQbNTQrck4hrz1,Masso nourkom,Moddathir Meshmesh,0,2014,0.518,0.806,3,-2.263,1,0.64,0.0,0.113,0.948,102.603,368760,4
452,468,4fFC5ngJ4sdleQ3lGUFTO1,Mata mazari,Nancy Ajaj,9,2021,0.654,0.262,0,-17.011,0,0.97,0.233,0.0829,0.714,110.583,532007,3
453,469,5Guo26NbFZjvQ0dNGd0g1g,Meaad,Nancy Ajaj,11,2021,0.521,0.399,11,-11.415,0,0.51,0.0,0.314,0.339,150.054,263423,3
454,470,2jRx79B7pXVfkfrvIgH9I8,Mehrab alhob,Moaz Ibn Albadia,4,2020,0.484,0.244,10,-22.927,1,0.75,0.0,0.365,0.937,171.051,285205,4
455,471,4Mzm9Hthvnm3fCEV7OrAp1,Min alaskila,Mohamed Aljazar,15,2014,0.627,0.83,4,-4.922,0,0.14,0.0,0.14,0.97,164.961,335015,3
456,472,3iZgmboHsUkMtQc17fbyxM,Min almasallat,Asha Algabal,8,2021,0.639,0.661,6,-10.369,1,0.86,0.0,0.392,0.966,83.952,316865,4
457,473,1Ts1GvA7dqfbS1Q1oeLhAH,Min baf nafasak ya algitar,Sabah Abdalla,0,2022,0.548,0.222,11,-24.058,1,0.62,0.0061,0.34,0.685,133.805,49659,3
458,474,4ziGCsQRcH9YsT4EA4GFn4,Min ozzalna seebak seeb,Kamal Tarbas,7,2018,0.486,0.718,2,-7.011,0,0.54,0.0,0.187,0.888,79.698,391197,4
459,475,6n45MHftKAW7SzfTzklmO8,Min zaman,Makarim Bashir,2,2021,0.399,0.408,3,-12.571,0,0.46,0.0001,0.371,0.851,154.824,295343,4
460,476,0ufa4Q3HJLMmglgPzl8b23,Min zaman,Mahmoud Abdelaziz,7,2001,0.433,0.686,11,-5.647,0,0.81,0.0,0.382,0.577,152.156,236662,4
461,477,1bw8ioh6F2o6KJrSNd1FNM,Mino algallek,Mahmoud Abdelaziz,2,1996,0.3,0.815,7,-1.838,1,0.75,0.0,0.35,0.591,95.008,369322,1
462,478,6L7HO6sArQO62GEgTvVgjC,Miten awsallu,Asha Algabal,9,2022,0.531,0.461,1,-6.547,1,0.3,0.0,0.105,0.648,158.503,267311,4
463,479,6bioKMpN2DCGEPcsET69uJ,Moallim,Gamal Musbah,4,2019,0.777,0.64,0,-9.837,0,0.47,0.0,0.103,0.76,157.429,232307,3
464,480,4DqcoR1VkX9NVQJuiWBtkV,Momkin,Gamal Farfour,2,2015,0.608,0.85,6,-3.782,0,0.44,0.0,0.269,0.54,66.962,451135,4
465,481,0eDMPqIT2vjYq0UOCHqXL2,Motaaliqa,Mahmoud Abdelaziz,10,2006,0.521,0.569,4,-9.487,0,0.26,0.0107,0.46,0.673,114.088,389770,3
466,482,63HF4dj8dPXOjiZgPegmML,Motmanni shoftak,Ahmed Amin,17,2019,0.397,0.402,2,-11.976,1,0.43,0.0086,0.113,0.382,169.939,134558,4
467,483,3apeul33xYJivBMd4FX9Dl,Mufarig kaif,Mahmoud Abdulaziz,13,1997,0.622,0.475,9,-14.934,1,0.0,0.0,0.304,0.808,109.047,238420,3
468,484,6itZ77jCCqVpaKxHq32Vep,Mukashfi alqaum,Mohamed Aljazar,25,2017,0.789,0.84,9,-5.966,1,0.17,0.0,0.521,0.77,114.976,169655,4
469,485,3JqCdr8DjFTlv6k6mFOFhf,Musaitera,Asha Algabal,5,2021,0.477,0.527,5,-11.316,1,0.79,0.0,0.0937,0.918,83.343,296411,3
470,486,7EoJBZ8Gi0SL58cpWmw0e9,Musamhak ya habeebi,Nancy Ajaj,15,2021,0.533,0.381,9,-13.146,0,0.96,0.335,0.118,0.904,78.749,416287,4
471,487,3OmwDttnympT1dNCFBU1qi,Musamhak ya habibi,Mamoun SwarAldahab,9,2021,0.449,0.436,11,-14.54,0,0.5,0.0001,0.659,0.84,79.178,356101,4
472,488,1FuqUfVZC8vatIAKX8YKXF,Na-Nu Na-Nu,Abdel Aziz El Mubarak,3,1989,0.411,0.512,0,-9.774,1,0.43,0.0,0.92,0.685,114.242,439333,4
473,489,7mYeWMadgkz8fwZTV88YJl,Nadoho lai,Eman Alshareef,16,2021,0.511,0.501,0,-10.865,1,0.4,0.0,0.519,0.805,79.679,314305,4
474,490,1Xv6wXtCnR1sAvC8VbbJcY,Nadu lai ashai,Eman Alshareef,28,2020,0.668,0.803,0,-2.773,1,0.16,0.0,0.0571,0.884,155.004,166113,4
475,491,4IJWWwiql6BjI87WZHLmR6,Naes alagfan,Mahmoud Abdelaziz,0,1999,0.336,0.654,0,-5.573,1,0.85,0.0632,0.0802,0.748,64.378,626687,4
476,492,2CziojYAFnYpq23kZEfku7,Nana ya nana,Gamal Farfour,3,2015,0.632,0.978,8,1.268,0,0.25,0.0,0.13,0.647,116.927,252134,4
477,493,65snvHiP1yRXTB4WETVp1T,Nar nar adeel kida da,Asha Algabal,6,2021,0.335,0.931,8,-0.21,1,0.76,0.0117,0.113,0.766,170.77,1060439,3
478,494,3JyXjWn98viuMaqXqN667d,Nari,Rasha,9,1997,0.476,0.346,7,-14.05,1,0.61,0.276,0.384,0.925,121.023,287824,3
479,495,2rr7w94iC4NU2erBqeIYEH,Nas omdur,Abdalla Altayeb,5,2021,0.487,0.775,6,-6.288,0,0.35,0.0,0.667,0.9,153.673,202055,3
480,496,7n5EufIjENeRr1XSr1gWa6,Naseem shabbal,Kamal Tarbas,5,1980,0.481,0.618,2,-8.424,0,0.75,0.0,0.0798,0.962,111.715,417840,4
481,497,3XncuLtik5KGefPLiBQdQO,Nashwat raid,Mostafa Sid Ahmed,13,1992,0.706,0.471,11,-17.734,0,0.07,0.0001,0.073,0.829,109.874,304039,4
482,498,4MYjXkU61Nbr7WO8Drww9K,Nawwar baitna,Alblabel,0,2000,0.353,0.813,5,-5.694,0,0.98,0.828,0.142,0.68,103.465,342599,4
483,499,512mDnfoVn8L7fWqdTxyYt,Neema,Talal Alsatta,19,2014,0.735,0.633,10,-9.188,1,0.71,0.0,0.603,0.898,127.503,181891,3
484,500,1BHJuANL9GxLLxQ51xa1y6,Neghem fahak,Huda Arabi,2,2020,0.315,0.326,11,-20.13,0,0.55,0.0,0.447,0.903,146.162,310439,3
485,501,0CYOemkMzYDI76iluOVSEv,Nesyan arraid,Gamal Farfour,6,2020,0.405,0.717,7,-5.865,1,0.84,0.0014,0.596,0.314,121.165,357172,4
486,502,4kSwYe7O5uhUeaq4ucYQjk,Nihna algad,Asha Algabal,10,2021,0.686,0.665,2,-4.225,1,0.12,0.0,0.0776,0.81,142.372,272091,3
487,503,3xvTXXFSgqOvyqfW4bBuCd,Nihna ashab,Shukralla Izzalden,2,2019,0.584,0.302,1,-16.86,1,0.24,0.0,0.13,0.37,129.405,381130,4
488,504,5Bu6OphfEPulMDhGQIlHyy,Nisana habeebna,Omer Elamin,10,2019,0.307,0.319,0,-11.698,1,0.92,0.537,0.128,0.6,181.649,179984,3
489,505,3vi8ADHrD0bcDZ6rTd18xc,Nitlaga nitlaga,Abdel Gadir Salim,3,2003,0.486,0.496,0,-13.952,1,0.9,0.0404,0.0774,0.897,162.132,380800,3
490,506,0OMnvIJI8eyspVCbO4BpEr,Noor aleyon,Mahmoud Abdelaziz,8,2013,0.575,0.882,11,0.645,1,0.63,0.0,0.242,0.674,153.914,449807,4
491,507,6VDzPoCEyxsKhRgYubmb3V,Nujum allail,Abdel Gadir Salim,12,2003,0.459,0.499,5,-12.29,1,0.89,0.0028,0.131,0.777,155.527,511267,3
492,508,4WhNTYSjwfltKz7laCQwqt,Ogbalak,Abdel Karim Alkabli,6,2010,0.637,0.696,0,-9.618,1,0.45,0.0001,0.165,0.902,97.266,350693,4
493,509,2SP2sMXg3sBNRzrkkCdynm,Om kaheel,Mahmoud Abdelaziz,3,2000,0.672,0.966,11,0.719,0,0.91,0.619,0.231,0.757,115.076,406114,4
494,510,1KPkuMnz4kWLXviqkK0cuK,Om zein,Moddathir Meshmesh,2,2014,0.626,0.685,2,-4.357,1,0.43,0.0,0.0655,0.963,132.022,317770,3
495,511,0KTCGSSUDmOplmox4Nxgv5,Omdurman,Freskoh,7,2020,0.906,0.568,11,-9.159,1,0.53,0.0,0.0856,0.58,140.061,268344,4
496,512,03V4Hr92g7JjNvI9UHft2j,Ommi ya nab’ alhanan,Ahmed Amin,16,2019,0.854,0.463,6,-13.409,1,0.57,0.0,0.111,0.905,140.016,278832,4
497,513,16qj8kiAeGFouRXJ98QvzQ,Omri,Mahmoud Abdelaziz,5,1996,0.513,0.796,6,0.565,1,0.61,0.0,0.151,0.472,129.886,364642,1
498,514,3XPlADZxn9U8U10j4OjcSq,Osha sagheera,Alblabel,1,2000,0.48,0.606,2,-4.929,1,0.93,0.0398,0.0999,0.938,136.878,488279,3
499,515,1S1sqkvf0lIucXQpScbVxd,Oyon assaid,Makarim Bashir,1,2020,0.502,0.258,2,-22.372,1,0.79,0.0,0.399,0.963,134.366,95269,4
500,516,5HHPCmHKOjtFYqzWjBSjS0,Oyoni ma golti,Gamal Farfour,7,2015,0.542,0.597,11,-9.039,0,0.76,0.0001,0.392,0.71,124.168,281940,3
501,517,0qFCusOSOxNdjSWuDILGt2,Qamar almassa,Abu Obaida Hassan,21,2018,0.638,0.711,9,-12.111,1,0.89,0.0121,0.0823,0.955,164.308,495443,4
502,518,2TgFOxgcv7TFqSJRG2nVeC,Qaraweya,Ahmed Amin,14,2019,0.415,0.274,3,-13.694,0,0.74,0.0001,0.101,0.161,119.836,298077,4
503,519,6p43RSTElrGN7BL9o6l3BT,Qonbula,Taha Suliman,17,2020,0.495,0.731,11,-7.417,1,0.47,0.0,0.153,0.931,207.908,254798,4
504,520,624ldSnh37TOXYtUmnnvWc,Rada al-qulayb,Abdel Gadir Salim,4,1999,0.349,0.317,2,-14.103,1,0.78,0.0001,0.104,0.508,156.054,419440,3
505,521,15np70wijtu41eNl7J6bJ5,Raganalak,Alblabel,0,2000,0.36,0.358,9,-17.032,1,0.99,0.775,0.798,0.844,152.022,1054319,4
506,522,5lcE1HSmjrw5lNcRsxuPKV,Raghm Bu’di,Mahmoud Abdulaziz,10,1997,0.663,0.344,2,-18.816,1,0.0,0.0,0.114,0.661,105.09,502204,3
507,523,5aAw85FPJg0tpHuVUf7Z9g,Rahalto baeed neseeto,Gamal Farfour,6,2021,0.588,0.478,9,-11.352,0,0.3,0.0005,0.615,0.788,104.716,304849,4
508,524,2odMcW8ReQEbpiPZnPELIE,Rassalta laik agmal khitab,Gamal Farfour,1,2015,0.334,0.514,11,-15.539,0,0.65,0.248,0.592,0.61,81.429,432300,4
509,525,1oe4bgyweBplEGamU3lvX1,Rassasten,Ahmed Amin,15,2020,0.347,0.114,4,-18.473,1,0.91,0.0001,0.104,0.425,170.189,108122,3
510,526,6SO8WVSEu2SgXqMRxSgJvS,Rawah maak omr alhana,Alblabel,0,2000,0.569,0.595,2,-8.736,1,0.66,0.0,0.467,0.837,106.036,528407,3
511,527,4FZqxu4Yu9auqU1mdOU5oX,Rohta anni baeed,Ahmed Fathallah,2,2020,0.503,0.211,8,-22.836,1,0.71,0.0,0.176,0.511,109.468,481907,4
512,528,4aT2VUI7ZQDAA0rlaEdHkX,Sabab al aza,Mahmoud Abdulaziz,11,1997,0.669,0.448,5,-16.224,0,0.06,0.0915,0.127,0.823,141.24,241189,3
513,529,4RouBPcAdJyZy1d7vLSyWV,Sabab el aza,Magdy Meshmesh,0,2014,0.542,0.737,7,-3.395,1,0.38,0.0,0.0964,0.965,139.413,360000,3
514,530,1KgZOZqr7E9dRt1m6L8PBh,Sabihni dayman,Abdel Aziz El Mubarak,1,1989,0.339,0.522,4,-10.224,0,0.26,0.0028,0.962,0.741,147.693,618107,4
515,531,2VoMWnK4yuILop0T7up3Lv,Sabihni dayman,Mohab Osman,4,2020,0.368,0.289,9,-20.262,1,0.65,0.0001,0.636,0.956,163.627,445858,4
516,532,78jX6p8dUvZ7I4GnSntrGT,Sabihni dayman,El Shab Amir,7,2021,0.439,0.552,8,-10.849,0,0.55,0.0,0.429,0.774,110.897,324101,4
517,533,3zGgz6vW6bLbLWr7wJsOwu,Saddigni,Ahmed Amin,16,2019,0.886,0.341,6,-14.251,1,0.6,0.0,0.194,0.809,119.986,148014,4
518,534,1BTuK3gGN65O1H5FRI1atv,Sadr almahafil,Insaf Fathi,1,2020,0.436,0.31,4,-20.286,1,0.7,0.0,0.931,0.849,158.325,294635,4
519,535,4cr2MEMb2hDow1663KWrax,Safir,Mostafa Sid Ahmed,17,1992,0.539,0.381,0,-14.394,1,0.52,0.0,0.0561,0.373,82.024,425535,4
520,536,4sdLw39RTAekV8xIn03WgI,Sagf alsabor,Mohamed Alnasri,4,2017,0.601,0.498,9,-12.274,0,0.63,0.0013,0.111,0.928,77.865,397636,4
521,537,0ETcOMLCuXxmSLwtB54GBK,Sahbi arees,Mohamed Aljazar,5,2017,0.68,0.789,10,-10.563,0,0.04,0.0,0.348,0.964,154.03,221255,4
522,538,6grErGV6Fft4XZMo3DkEm3,Sahwat alzikra,Mahmoud Abdelaziz,9,2009,0.344,0.709,2,-2.768,1,0.91,0.0,0.423,0.508,100.154,582082,4
523,539,25O8UnYHnbrnnWMRJ1iIf2,Sai Sai,Taha Suliman,1,2021,0.529,0.762,9,-7.975,1,0.64,0.0068,0.569,0.867,177.143,223948,4
524,540,4yXUcgnU0RnxglZ0oeSpbq,Salam alek,WD Alzain,14,2020,0.765,0.554,0,-6.176,1,0.77,0.0016,0.108,0.348,135.928,162403,4
525,541,1dNzcB7drineZxjhqJ0Y6K,Salam baruddo elaik,Huda Arabi,2,2022,0.505,0.304,3,-19.101,1,0.76,0.0,0.764,0.891,168.016,250384,4
526,542,0jdZ8HNoeFjry8his2NBcT,Salib fouadi,Mohab Osman,3,2020,0.268,0.275,0,-21.27,0,0.6,0.0,0.334,0.934,168.396,388702,4
527,543,2BLqHVa7TMfkEoVhwEQx5y,Salib fuadi,Rasha,15,1997,0.658,0.369,4,-12.417,1,0.25,0.0174,0.181,0.918,151.106,355385,4
528,544,0XjLYmJCLA1kLMLaNQpRX7,Salimmik,Flippter,17,2018,0.75,0.485,1,-10.046,1,0.02,0.0006,0.083,0.269,114.994,202031,4
529,545,5MCLya9AzV9spNPxxFk7JD,Sallim ya Salam,Eman Alshareef,26,2021,0.689,0.698,8,-5.818,1,0.07,0.0,0.0544,0.909,159.888,220823,4
530,546,49l6lokgPIoz6F4eQfcjj3,Samarin dail,Eman Alshareef,11,2022,0.679,0.825,5,-4.509,0,0.36,0.0,0.0794,0.701,135.058,240666,3
531,547,5UMSgLfixzeW363NVKL4Er,Samereeni,Abdel Karim Alkabli,4,2006,0.814,0.483,11,-11.19,0,0.46,0.0002,0.0505,0.932,124.001,383000,4
532,548,6ze8aOlGTNu61YJJNtoYJr,Samha alhayba,Afrah Esam,3,2017,0.453,0.628,1,-7.793,0,0.87,0.0,0.135,0.833,84.624,60623,3
533,549,3yWsTeI8D3PRI6S0EbdS6x,Samha alsudaf,Esam Mohamed Nour,10,2021,0.314,0.448,7,-11.113,1,0.54,0.0006,0.652,0.598,154.568,385967,3
534,550,6UHQ8ebfgxiCq6PVX1LymB,Samha gamra,Ahmed Amin,19,2022,0.819,0.548,2,-9.527,0,0.23,0.0065,0.0988,0.664,87.024,219310,4
535,551,0r9gFgIeHCwUAjzNcBf1Xo,Samha samha alsaida,Ahmed Fathallah,7,2020,0.384,0.29,10,-23.137,1,0.68,0.0,0.377,0.868,169.703,278727,4
536,552,1pr5i6J3oW2wqC27kQIhVQ,Samha shadeed,Mohamed Bashir,10,2017,0.845,0.842,11,-5.444,0,0.46,0.0,0.657,0.852,141.057,166463,3
537,553,3QcN97IXAnEDMxTplgkebT,Sar Beladeela,Taha Suliman,1,2021,0.375,0.534,4,-8.368,1,0.71,0.0,0.13,0.811,205.774,257411,4
538,554,3jbKcKeNk5re5rK0ReV1GY,Sawani,Said Ahmed,1,2001,0.7,0.509,0,-9.606,0,0.6,0.002,0.109,0.81,166.911,250800,4
539,555,4vYOlnNVjEfuac7wqJiPbQ,Sawwi Kida,Huda Arabi,17,2022,0.739,0.665,0,-6.26,1,0.3,0.0,0.09,0.847,159.912,225095,4
540,556,5ClpHnI3fXacZyTa4tceyA,Sayeg alraksha,Asha Algabal,19,2022,0.661,0.607,7,-6.68,1,0.11,0.0,0.0808,0.744,84.92,203087,4
541,557,09dxtKWP3HFeWnAkF1urFV,Sayeg dalaloh,Kamal Tarbas,6,1980,0.428,0.488,2,-11.455,1,0.83,0.0,0.253,0.92,131.184,252227,3
542,558,5gKO5h8LSiyhCbj8t3T02E,Seira,Amira Mahmoud Mohammadein,0,2014,0.494,0.822,0,-8.475,0,0.41,0.0,0.08,0.933,135.998,261693,4
543,559,4ywIYRYTno5sjWAMjImowV,Seka Bamsheeha,Taha Suliman,1,2021,0.776,0.505,7,-9.12,1,0.19,0.0,0.368,0.724,140.009,236251,4
544,560,6yZeKb6PI4AhKxnXb1o7q2,Set Alfareeq,Taha Suliman,2,2021,0.643,0.606,10,-8.425,0,0.73,0.0,0.0629,0.963,78.188,177868,4
545,561,6Zsmha9Gm5o76JsyiQISlB,Shaghal bali,Afrah Esam,4,2021,0.719,0.58,6,-6.68,0,0.64,0.0,0.369,0.878,86.573,181864,4
546,562,1GTCLh2yDeCGMLJ8mEJo0Y,Shakwa,Makarim Bashir,7,2020,0.523,0.16,9,-24.659,1,0.57,0.0,0.139,0.796,88.393,350746,4
547,564,1pkpbYzq64GkThMSGQDlUJ,Shamaa,Kabli,0,2009,0.631,0.582,11,-11.538,0,0.57,0.0,0.0514,0.932,144.036,524533,4
548,565,7KRB2YPe64XlUU5Kjtf19w,Shams almazad,Mahmoud Abdelaziz,2,2003,0.443,0.221,7,-18.799,0,0.74,0.0,0.0683,0.875,164.688,344183,1
549,566,67yP5sBLkq7mxLVKqMOSZa,Sharbat alfarah,Abdel Karim Alkabli,7,2008,0.701,0.843,11,-7.44,0,0.37,0.0,0.0213,0.931,104.034,528000,4
550,567,3ZkEnPnjjxZJurhXYedccu,Sharea alneel,Taha Suliman,11,2021,0.602,0.842,8,-7.352,0,0.69,0.0,0.891,0.879,84.536,136829,4
551,568,4evmUqWa1xI25SvT0oBUZi,Sharea alneel,Shukralla Izzalden,13,2018,0.568,0.869,10,-3.763,1,0.38,0.0095,0.291,0.941,90.674,431831,4
552,569,5H0dFl5SMiHLfAGH8sZzip,Shayel girah,Mahmoud Abdelaziz,11,2002,0.595,0.861,7,-1.412,0,0.58,0.0,0.0905,0.565,88.609,252718,4
553,570,0574PiNQteVWDwvlSXpmCk,Shino alhasil,Mahmoud Abdelaziz,15,2006,0.661,0.493,0,-7.745,1,0.38,0.0003,0.555,0.876,165.611,284470,4
554,571,44G7wPymWiLC0QyZ8SwhUr,Shofo,Abu Obaida Hassan,9,2018,0.661,0.906,7,-10.033,0,0.87,0.0237,0.068,0.971,166.567,397976,4
555,572,5V8Mz6YYhCNvPnivDE8KOj,Shog aleyon,Mahmoud Abdelaziz,2,2005,0.592,0.655,9,-5.893,1,0.25,0.0,0.372,0.753,148.112,440530,4
556,573,0NqXgsaftRM4CPM1UB4555,Shogol khamashai,Mohamed Bashir,16,2018,0.576,0.488,8,-7.204,0,0.43,0.0,0.263,0.932,159.743,255383,4
557,574,6a36LLz0QHIVMHfE6F6yIa,Simsim algadarif,Mamoun SwarAldahab,3,2018,0.55,0.912,7,-4.988,1,0.65,0.0435,0.503,0.863,120.506,330455,4
558,575,6civTsVFKOVN8wb6AQsGt4,Simsim algadarif,Omer Elamin,18,2019,0.722,0.708,0,-9.946,0,0.79,0.627,0.116,0.962,115.997,268513,4
559,576,3iae5BqWu2Yz7TNJEMpjYO,Simsim algadarif,Gamal Farfour,2,2015,0.533,0.873,8,-6.261,0,0.96,0.941,0.183,0.923,117.658,342962,4
560,577,02U09D4oVK6K314Y0H07Td,Sit addar,Mohamed Alnasri,5,2019,0.524,0.609,11,-4.292,1,0.9,0.0,0.074,0.839,80.342,992967,4
561,578,7LXrFmlsqCo4eLmRxfpC2Q,Sit albait,Omer Elamin,10,2020,0.769,0.465,2,-7.87,1,0.74,0.0002,0.296,0.726,134.003,330266,4
562,579,6xTdfZmp8cVlwGBd6zfVYU,Sit alesem,Kamal Tarbas,5,1985,0.65,0.588,7,-5.299,1,0.83,0.0,0.351,0.861,139.211,458747,3
563,580,5qXy4zk0qsHPnZrH1vntmG,Sit algateeaa,Asha Algabal,10,2021,0.785,0.713,6,-8.131,0,0.03,0.0401,0.0925,0.952,149.987,170815,3
564,581,4MQ6oOhRNnZcij9ol2k5jJ,Sit alraid,Afrah Esam,8,2017,0.363,0.633,2,-7.557,1,0.67,0.0,0.258,0.564,145.946,472919,4
565,582,68pf9mBdVWtceyPXirrpLf,Sit alwadie,Sayed Khalifa,0,2015,0.84,0.692,0,-8.005,1,0.5,0.0005,0.169,0.956,147.007,266375,3
566,583,6Ed6m46TOIWzpUHDci9JhP,Su'aad,Abdel Karim Alkabli,11,2000,0.6,0.529,9,-7.643,0,0.67,0.0,0.25,0.744,160.369,828227,1
567,584,1oGe4k86kxetvYeNu9F3xU,Sudan bedoon kezan,A.G Nimeri,18,2020,0.85,0.48,6,-9.437,0,0.11,0.0,0.173,0.205,116.037,218000,4
568,585,6GrolGgkwQxQ6Oz3GIGctj,Sudani,Abdel Gadir Salim All-Stars,8,1991,0.545,0.42,9,-15.061,0,0.72,0.0033,0.107,0.906,101.165,265440,4
569,586,5mHBS1fHGZHzmm7H8sQOgx,Sudani algwa wijdani,Omer Elamin,18,2020,0.536,0.298,5,-11.986,0,0.48,0.0,0.139,0.468,125.053,112953,1
570,587,7sVEuVyspEcyrVgMqD78NJ,Sudania,Talal Alsatta,3,2016,0.722,0.804,2,-7.051,1,0.64,0.0001,0.146,0.639,119.989,227788,4
571,588,28DHEtw8KejBC9Kms4BqiD,Sudania soud,Eman Alshareef,26,2021,0.583,0.705,10,-2.65,0,0.38,0.0,0.126,0.913,125.258,203102,3
572,589,7knwr2hO2xR3XEVYs4sper,Sukkar,Abdel Karim Alkabli,14,2009,0.427,0.473,5,-8.664,1,0.75,0.0015,0.119,0.786,150.026,419533,4
573,590,4L1jtL1MngR86JDMKZmmfu,Sukkar,Abdel Karim Alkabli,11,1973,0.675,0.508,8,-12.726,1,0.33,0.0,0.351,0.831,79.997,286427,4
574,591,6WOW3qGKTRM8YmeFBxnMBt,Taab alraida,Mahmoud Abdelaziz,6,2013,0.531,0.879,11,-0.335,0,0.3,0.0001,0.212,0.724,159.645,461950,4
575,592,28fgrVVY6EcNUT7vP3zzby,Taal hina,Mohamed Bashir,17,2020,0.802,0.602,9,-6.539,1,0.7,0.0,0.348,0.889,134.934,281759,3
576,593,3ODIV5ERlSc6yKx9A7HrtN,Taayen lai,Gamal Farfour,4,2015,0.745,0.472,10,-12.58,1,0.26,0.0394,0.0785,0.889,137.997,237479,4
577,594,6AbIm68PEd1R3ua5n2H2hh,Taban Ahwak,Kamal Keila,25,2018,0.591,0.754,11,-5.653,0,0.7,0.0337,0.0676,0.757,100.586,391000,4
578,595,3b2dbF0QqOmwwxqwzWavbA,Tabat/ ya habibi,Amira Mahmoud Mohammadein,1,2014,0.516,0.736,9,-8.454,0,0.72,0.0,0.0805,0.747,131.828,414600,3
579,596,6bv1DZte8cyt6P4ejxnl3j,Tabeeb nafsi,Abdalla Altayeb,3,2020,0.791,0.644,5,-7.58,0,0.33,0.0,0.126,0.863,129.653,227056,3
580,597,3HF23rxmeJ7WCJMlPTrZN7,Tahrimni Minnak,Abdel Aziz El Mubarak,10,1999,0.558,0.668,0,-9.23,1,0.09,0.0052,0.0982,0.876,110.66,407627,4
581,598,4dGQPlA1xHgK2g62tBThfR,Tamma doru,Abd al Hafiz Karar,1,1999,0.544,0.0686,0,-28.024,1,0.92,0.171,0.0881,0.819,124.883,272000,1
582,599,4tMGk2SQ0Ip33IQbTIVb2z,Tannesh taaiesh tantaesh,Sharief Elfehail,4,2020,0.571,0.822,9,-7.451,1,0.1,0.0,0.407,0.931,139.945,291156,3
583,600,607rViY5BmQTjcFXZhixYW,Tany,Kamal Tarbas,7,1980,0.497,0.436,0,-12.138,1,0.76,0.0011,0.121,0.851,76.74,558573,4
584,601,1jwxAT2bgZAY2OS3WBkuAg,Tarieeg alshog,Abdel Aziz El Mubarak,1,1989,0.565,0.634,9,-9.144,1,0.39,0.0296,0.67,0.817,118.153,617400,4
585,602,6R0QJSiN4ApOO0N2qsLQ4y,Tarig alshoag,Abdel Aziz El Mubarak,4,1999,0.593,0.77,9,-8.208,1,0.25,0.0779,0.11,0.931,114.931,570893,4
586,603,7fHcwS55P1GxarnIqRSFcn,Tawali baayen lek,Eman Alshareef,13,2022,0.613,0.801,10,-3.009,1,0.14,0.0,0.0339,0.888,169.843,281992,4
587,604,2wcrvfjsYtJHzuOLoVEMso,Tawwal mufarig hayyu,Aamir Babiker,5,2021,0.421,0.407,8,-11.693,1,0.57,0.0,0.814,0.728,77.862,300669,4
588,605,1Cllw1lSmzCD1DWWZXa2Q5,Tayer algenai,Mohamed Alnasri,5,2016,0.554,0.509,4,-11.839,0,0.59,0.0,0.682,0.923,81.239,509231,4
589,606,17ECmsMMzZLSxURb2745Cu,Tayr alkhodari,Gamal Farfour,3,2020,0.632,0.46,9,-8.889,0,0.39,0.0,0.26,0.657,107.318,391863,3
590,607,3YXQibHIxHwGv2nk00SjWj,Tifl alalam althalith,Mostafa Sid Ahmed,9,1992,0.518,0.451,2,-4.733,0,0.46,0.0,0.512,0.22,89.511,643911,4
591,608,7zJJSNCtDUaUCwjQC0A4TD,Touba wa touba,Mohamed Bashir,3,2015,0.675,0.756,1,-8.334,1,0.27,0.0,0.125,0.968,159.989,319535,4
592,609,1M2XG4EJTSGGFxTYlcHbbE,Toyor alhigra,Mohamed Alnasri,5,2018,0.443,0.335,5,-16.718,0,0.82,0.0003,0.137,0.91,80.127,471589,4
593,610,6WU4XEKQFEyC9laTDTnPiB,Tubta minnak,Mahmoud Abdelaziz,11,2006,0.739,0.565,11,-10.395,0,0.38,0.0002,0.481,0.813,103.614,356182,3
594,611,6pycIB6CKC2OFNn0659lJe,Tul Ya Layl,Abd al Hafiz Karar,1,1999,0.57,0.135,0,-24.674,1,0.88,0.0484,0.098,0.841,140.794,257160,3
595,612,3MKFl72oQF0gTP2qzGCoc6,Umri Ma Bansa,Abdel Gadir Salim,0,2012,0.557,0.458,7,-11.109,1,0.78,0.0118,0.0966,0.75,84.658,532600,4
596,613,7bFBRVPeX140y8qSDWsLkm,Umri Ma Bansa,Abdel Gadir Salim All-Stars,4,1991,0.391,0.36,0,-14.008,1,0.83,0.603,0.108,0.766,191.049,494600,3
597,614,5uxGFWgjMj1s9IwWtgkkid,Wad Alhela,Taha Suliman,2,2021,0.741,0.564,11,-6.807,0,0.44,0.0,0.0992,0.955,160.037,166687,4
598,615,0XDuoddZNZdYSq6tMRfTMs,Wad ommi,Roaa Naeem,10,2022,0.924,0.656,6,-7.959,0,0.27,0.0,0.107,0.965,137.956,189336,3
599,616,66DaF8IudvaDbFHRQXC7lG,Wagfa sabba,Shaffata Production,14,2020,0.494,0.894,6,-4.898,1,0.03,0.637,0.501,0.872,169.391,195683,3
600,617,7M4oYkiKM5TU7UAfQO8QqE,Wahid tany,Wad Almzad,8,2020,0.886,0.532,4,-6.132,1,0.44,0.0005,0.111,0.692,79.979,177937,4
601,618,0HG4fZLKwO0BDau5cwJjG7,Warroni meen zayyana,Asha Algabal,9,2021,0.519,0.82,1,-4.72,0,0.3,0.0,0.814,0.831,166.471,251831,3
602,619,42xuLrtlrpYkJQUqchohpS,Wasqa fi zoli,Eman Alshareef,24,2021,0.726,0.72,11,-6.761,0,0.12,0.0,0.0296,0.967,154.61,206968,3
603,620,3a7q10EJUlJAa6nwQtCUxT,Wayn wayn,Oum Dermam Stars,18,2017,0.801,0.743,5,-8.429,0,0.05,0.0,0.104,0.944,150.039,225275,3
604,621,0trPeexCaYlgdK65MhMlqe,Wed El Balad,Amira Mahmoud Mohammadein,0,2014,0.576,0.854,5,-5.235,0,0.37,0.0,0.331,0.967,128.249,396693,4
605,622,6rMQWnco2goaSzDPJj1zke,Ween ween ya habibi,Taha Suliman,1,2020,0.615,0.935,9,-0.428,1,0.62,0.0,0.926,0.884,89.884,264516,4
606,623,5Eq1zsrhapjtbqybmctk0z,Weled alnas,Sabah Abdalla,0,2022,0.43,0.268,5,-17.532,1,0.66,0.0,0.742,0.719,113.376,349623,4
607,624,43tNfS6NwbxWJN7z9GD4Rb,Weled min alshukria,Eman Alshareef,38,2020,0.741,0.665,10,-3.923,1,0.31,0.0,0.086,0.941,140.01,175125,4
608,625,1NSOwHBEmFwpZyPKjz5Fdp,Wga El Kamar,Kamal Tarbas,5,1985,0.396,0.461,11,-6.756,0,0.65,0.0,0.0891,0.617,130.994,656160,3
609,626,6iLfw0FsSaUTRraGn2NvEG,Ya Allah Matara,Taha Suliman,14,2020,0.805,0.844,8,-7.348,1,0.44,0.0,0.282,0.938,127.467,317571,3
610,627,78voXPgwHUZY2EsGAsUrtn,Ya asal,Abdel Aziz El Mubarak,4,1989,0.463,0.486,11,-11.033,0,0.64,0.0,0.92,0.861,81.774,572040,4
611,628,3lWE0bhrkNHIpCm4uEXBmR,Ya Asmarani,Abdel Karim Alkabli,5,2006,0.676,0.654,0,-9.343,1,0.22,0.0,0.0492,0.903,98.016,396800,4
612,629,0aUNiFYAAu8Xq3AFzEGrNO,Ya assal,Malaz Ghazi,7,2020,0.388,0.225,10,-22.554,1,0.73,0.0,0.43,0.771,171.038,417698,4
613,630,6fjBpnEZLpmuyxLwYCZgTQ,Ya Balad,Taha Suliman,2,2022,0.48,0.448,9,-8.598,1,0.33,0.0,0.101,0.797,150.402,238992,1
614,631,5XRvDcCCaEltSThPZoS7XF,Ya Bashir,Amira Mahmoud Mohammadein,0,2014,0.524,0.755,11,-5.9,0,0.53,0.0,0.0475,0.837,105.085,496200,4
615,632,2Atpgn7qJ7ET14v9ZXW5tn,Ya benayya,Mahmoud Abdelaziz,8,2009,0.571,0.857,9,-2.519,1,0.82,0.0,0.369,0.748,150.688,367522,4
616,633,5zV0hgGxBqHtrSmi9q5ert,Ya bolbola,Mohamed Alnasri,4,2021,0.306,0.498,7,-6.016,0,0.83,0.0001,0.219,0.546,88.96,579997,3
617,634,5zltrIP85zRyVQ9ImhJjIY,Ya dullana,Mostafa Sid Ahmed,12,1996,0.334,0.447,2,-10.315,1,0.63,0.0,0.105,0.705,83.88,475566,4
618,635,6zbd0o0ESiB9VDJrdDOFKm,Ya dunya,Sharhabil Ahmed,17,2017,0.706,0.492,9,-9.912,0,0.31,0.0019,0.0985,0.773,120.004,431281,4
619,636,4MHkmCgmLXAisJKuvbXwE4,Ya galbi laih,Sharhabil Ahmed,22,2017,0.64,0.577,9,-8.86,0,0.46,0.0004,0.214,0.952,150.0,236847,4
620,637,2Iuejr4zRTtLMg20TKI66j,Ya galbi ma tsheel al azab,Gamal Farfour,17,2015,0.691,0.465,4,-15.72,0,0.31,0.0,0.135,0.721,109.495,232098,3
621,638,5nuzM3YOtExMkYZVXfMxJe,Ya galbi maktool belhail,Abdelmonem Abu Sam,2,2020,0.642,0.517,7,-7.824,1,0.61,0.0032,0.154,0.879,148.753,262008,4
622,639,18OiOKlQ9AR9VQ4mbruzfV,Ya gamar bain,Kamal Tarbas,11,1985,0.559,0.541,0,-8.211,1,0.71,0.0001,0.0903,0.762,130.219,543080,3
623,640,4dv2Ms1N2RI5NB3xMb6vsr,Ya gamari,Abdalla Kunna,8,2020,0.474,0.333,5,-18.418,1,0.8,0.0,0.676,0.694,114.928,363363,4
624,641,0N96HH1nKBDG23NSdtXcBn,Ya gameel ya sada,Gamal Farfour,3,2015,0.578,0.55,11,-10.584,0,0.72,0.0012,0.197,0.772,167.309,300671,4
625,642,3OUKK2l03SpEKON88SLOzl,Ya gamil ya mudallal,Abd al Hafiz Karar,1,1999,0.435,0.16,2,-24.119,1,0.89,0.0608,0.0601,0.953,87.937,299667,4
626,643,2FieHIIGaEEAtyTTblIhWZ,Ya ghazal,Taha Suliman,14,2021,0.727,0.579,6,-8.215,0,0.15,0.0,0.0868,0.962,159.951,205949,4
627,644,6YQj9OfS8J5KZVwsPmRHGz,Ya habeeb ma tfoot,Mohamed Aljazar,3,2014,0.704,0.697,0,-9.96,0,0.28,0.0001,0.0946,0.764,149.971,269351,4
628,645,48L5eTPF6C6uggnSGUYSOb,Ya habeebi ana ayyan,Alblabel,1,2000,0.158,0.835,9,-3.214,1,0.93,0.228,0.132,0.855,73.481,405791,4
629,646,2wd5FIFxsLCcItTeS0hsLw,Ya hilo,Abdel Karim Alkabli,5,2009,0.495,0.434,9,-10.419,0,0.75,0.0,0.404,0.688,132.952,506453,4
630,647,1GwjvS0eY2S9Csq46L5GN7,Ya izzana,Abdel Aziz El Mubarak,3,1989,0.422,0.524,0,-11.494,1,0.42,0.0002,0.891,0.814,162.111,393960,4
631,648,6E1anhlqAE4uctOLw9Wy9Q,Ya Khalil: Ya khalil (Name of the Beloved),Amira Mahmoud Mohammadein,1,2014,0.466,0.67,8,-7.732,1,0.3,0.0,0.0728,0.916,155.724,192000,4
632,649,5vRvWeAH79II9AHKdn3c82,Ya Marri,Abdel Karim Alkabli,11,2006,0.598,0.595,9,-7.643,0,0.02,0.0019,0.11,0.658,124.286,431707,4
633,650,6gI8Lx68bElaCORsDeDqFP,Ya marri end alaseel,Huda Arabi,9,2020,0.591,0.237,0,-23.343,1,0.63,0.0,0.635,0.955,122.672,280163,3
634,651,6POVxPzavdYOvH1onX1x7y,Ya modhisha,Mahmoud Abdulaziz,14,1997,0.694,0.42,5,-16.81,1,0.01,0.0,0.0526,0.609,113.889,287608,3
635,652,5PZMU6LWPHKM0eGXObnqmk,Ya musafreen,Makarim Bashir,11,2020,0.481,0.259,10,-21.398,1,0.76,0.0,0.428,0.873,175.237,348108,4
636,653,2tm7FAg2qFW0sq1bya2Qn5,Ya naseem billahi ashkilo,Mamoun SwarAldahab,8,2020,0.377,0.782,2,-3.035,1,0.81,0.0018,0.216,0.884,168.336,593345,4
637,655,6tTSGeFMN43kqhpWPydXnz,Ya rait,Kamal Tarbas,15,1980,0.536,0.452,0,-11.739,1,0.76,0.0,0.16,0.94,81.674,481640,4
638,656,3CMCajJkXaVwXGrvawDsZX,Ya rait,Ahmed Amin,15,2019,0.782,0.486,7,-12.126,1,0.8,0.0,0.0932,0.284,120.231,167659,4
639,657,1fnZ32eSVmirDFUz4rE57A,Ya Samir,Moddathir Meshmesh,1,2014,0.42,0.787,9,-3.063,0,0.12,0.0001,0.24,0.845,148.955,627880,4
640,658,2jmcMY1gGeoB7l0MS1xq1S,Ya Wahed El Koun,Oum Dermam Stars,3,2017,0.637,0.592,11,-11.817,0,0.13,0.0002,0.38,0.832,145.016,356828,4
641,659,5hE3iy98xWyfaRsDD4d1fB,Ya watani ya balad ahbabi,Omer Elamin,19,2020,0.606,0.525,11,-7.559,0,0.78,0.0,0.682,0.821,110.02,157545,4
642,661,7czBZtrcV2dWR85gh3cYMg,Ya weledi,Asha Algabal,12,2022,0.835,0.78,8,-2.303,1,0.33,0.0,0.0739,0.87,124.976,256340,4
643,662,7bvPBwnLQQqusHhu6xvAhI,Ya zaman,Nancy Agag,26,2013,0.608,0.78,5,-6.109,0,0.25,0.0011,0.481,0.774,84.894,60501,4
644,663,2wg7jYoV1gU9RDeIhBIMpu,Ya zol kataltani katil,Mohamed Aljazar,15,2016,0.642,0.784,0,-5.951,0,0.55,0.0,0.0733,0.82,149.961,261023,3
645,664,3jorsEcjJgDdwAG0Qs4f3E,Ya zol ya tayeb,Mahmoud Abdelaziz,15,2009,0.499,0.553,3,-10.56,0,0.79,0.0019,0.0986,0.747,190.919,291022,4
646,665,25tvtMxmLBMEnqexZNkmN3,Yaelhajarok,The Scorpios,16,2017,0.795,0.427,9,-10.35,1,0.59,0.0779,0.088,0.859,108.036,265273,4
647,666,7A6TXNuy7UPcGRW2RAzuhf,Yahlelak ya asmar,Shukralla Izzalden,4,2022,0.453,0.432,5,-16.876,0,0.77,0.0,0.13,0.941,167.19,319033,4
648,667,0g04ASwUZY9yKkLtPwRLBN,Yalla wa yalla,Asha Algabal,13,2021,0.89,0.752,1,-4.165,1,0.26,0.0008,0.0282,0.916,115.012,193511,4
649,668,37Ky3fRp5iuCKrqAku6XNe,Yanas Baridouh,Salma,0,2010,0.592,0.701,3,-9.211,0,0.42,0.0253,0.101,0.825,149.739,263760,3
650,669,69ZciaoIiem9xvxoBY4f9j,Yomma,Nada Algalaa,4,2014,0.827,0.432,4,-8.089,0,0.37,0.0032,0.0949,0.697,76.838,315911,4
651,670,7HTWRn1rENOInhKYAgW8Sl,Youm farahi,Shukralla Izzalden,8,2018,0.501,0.661,0,-7.846,0,0.52,0.0093,0.144,0.96,135.251,256703,4
652,671,6EkgJ7jL3ohmt1QSVNgcZe,Youm Hubi,Kabli,0,2009,0.439,0.591,9,-10.29,0,0.59,0.0,0.311,0.908,179.92,311373,3
653,672,6y5ac2dTdGj4gxNPvtOExT,Zad alham aleina,Mohamed Aljazar,2,2016,0.667,0.713,6,-10.495,0,0.23,0.0,0.279,0.838,127.499,249263,3
654,673,7iMS57dOr4yLS4WhgHvXgU,Zaenoba,Mahmoud Abdelaziz,20,2013,0.557,0.856,0,-0.568,1,0.29,0.0053,0.169,0.846,79.597,326410,4
655,674,32gRSjRzpvXEXP0SVOG3c0,Zaghrooda lel ballal,Taha Suliman,10,2021,0.646,0.681,11,-5.53,0,0.25,0.0,0.25,0.962,144.567,162743,4
656,675,3Oa8x5D1PjEyR8fyyOqyFx,Zai algamar,Mohab Osman,5,2020,0.448,0.256,0,-20.775,1,0.66,0.0,0.41,0.863,170.467,274129,4
657,676,0ZSIChHCjcmxCuJNdixX7V,Zak alsabah,Sabah Abdalla,0,2021,0.676,0.394,0,-11.597,0,0.69,0.0033,0.65,0.824,111.053,375863,3
658,677,0U0Z8Kaxx0iNLWBE2KwiST,Zalamoni alnas,Makarim Bashir,12,2020,0.448,0.314,10,-21.066,1,0.7,0.0,0.396,0.747,115.706,279223,4
659,678,7fdUk764YV2ApyfVEaZB4N,Zalimni Shoftak,Mahmoud Abdulaziz,11,1997,0.532,0.429,1,-16.545,1,0.17,0.862,0.136,0.779,99.352,473548,4
660,679,1UxwkO86cqreWEQrWj3kCX,Zaman alhanan yaba,Hussein Alsadig,8,2021,0.548,0.557,8,-11.635,0,0.52,0.0,0.741,0.897,158.642,310391,4
661,680,2QEn0JfVpb2kACy6Of54vT,Zaman alnas,Abdel Karim Alkabli,4,1973,0.461,0.511,3,-11.027,1,0.62,0.0006,0.0682,0.79,155.079,709920,4
662,681,46135HeLD6AJ76pa1SpTk5,Zaman Da'i,Abd al Hafiz Karar,1,1999,0.702,0.0837,0,-28.235,1,0.85,0.234,0.107,0.804,113.805,390000,4
663,682,3tXuP9aoW3397yt0xeBrVZ,Zamanak wa alhawa,Mohab Osman,8,2020,0.304,0.311,5,-21.279,1,0.6,0.0,0.495,0.785,104.055,438126,4
664,683,1tVnEwE7WNOJq6kEEyv9a9,Zameelat Alrooh,Taha Suliman,1,2021,0.837,0.729,10,-5.998,0,0.8,0.0,0.0885,0.964,104.986,225829,3
665,684,3AkaQUOfDgtJLLP55IaiNK,Zanig Sudani,Amjad Bagera,12,2020,0.467,0.863,4,-2.49,0,0.17,0.0006,0.314,0.638,102.979,558942,4
666,685,3XkYjG46nNHf0gl0QZxcJ2,Zeena,Abdel Karim Alkabli,6,2010,0.465,0.528,10,-10.233,1,0.67,0.0,0.0833,0.963,141.128,455973,4
667,686,6xtmzYLPIo0EmqTertUPZd,Zeena,Abdel Karim Alkabli,11,2008,0.614,0.755,0,-7.212,0,0.48,0.0,0.0532,0.962,156.044,407827,4
668,687,55anrIpthVTyrusK1DmsUi,Zeena wa agbani,Mustafa Albarbari,2,2020,0.523,0.325,9,-20.915,1,0.69,0.0,0.579,0.919,146.935,416705,4
669,688,3se7Q6bvPWnaBI2Vh3sMvc,Zeenat alshabab,Gamal Farfour,4,2015,0.481,0.73,8,-8.289,1,0.73,0.0,0.156,0.941,71.326,362710,4
670,689,5uLwd5QTkKH0hV47AvwQhx,Ziyaret habeebi,Sharhabil Ahmed,4,2017,0.588,0.713,0,-7.456,1,0.09,0.0073,0.0928,0.857,153.968,392889,4
671,690,5nvCrw9rahUVZodSBY6Ngn,Zohor alrawd,Salah Mustafa,4,2020,0.575,0.269,2,-22.835,0,0.53,0.0,0.574,0.761,110.744,264882,4
672,691,6NA8OiZFCLURDxqZEz7sv9,Zombie,Squad التالتة,16,2020,0.673,0.676,7,-8.827,0,0.23,0.0,0.161,0.539,152.338,96494,4
673,692,49TspotyYMnBnqoYIrTYz5,Zoroni marra,Sayed Khalifa,1,2015,0.653,0.864,11,-3.362,0,0.34,0.0,0.0814,0.845,158.393,115391,4
